family,sku,product_name,discontinued
Acrylic Fast-Set Traffic Paint,"TP-3380, TP-2310","Acrylic Fast-Set Traffic Paint TP-3380, TP-2310",false
Acrylic Knockdown,343,Acrylic Knockdown Flat 343,false
Advance,792,Advance® Waterborne Interior Alkyd Satin 792,false
Advance,793,Advance® Waterborne Interior Alkyd Semi Gloss 793,false
Advance,N794,Advance® Waterborne Interior Alkyd High-Gloss N794,false
Advance,W792,Advance® Waterborne Interior Alkyd Satin W792,false
Advance,W793,Advance® Waterborne Interior Alkyd Semi Gloss W793,false
Advance,W794,Advance® Waterborne Interior Alkyd High Gloss W794,false
Alkyd Traffic Paint,"TP-3424,TP-2410","Alkyd Traffic Paint Flat Finish TP-3424,TP-2410",false
All-Purpose Citrus Cleaner,CL-0200,All-Purpose Citrus Cleaner CL-0200,false
Aqua Lock,AQ-0XXX,Aqua Lock® Plus 100% Acrylic Primer Sealer AQ-0XXX,false
Arborcoat,326/C326,Arborcoat® Exterior Oil Finish Translucent 326/C326,true
Arborcoat,328/C328,Arborcoat® Exterior Oil Stain Semi Transparent 328/C328,true
Arborcoat,329/C329,Arborcoat® Exterior Oil Stain Semi Solid 329/C329,true
Arborcoat,610,Arborcoat® Waterborne Ultra Flat Solid Stain 610,true
Arborcoat,623,Arborcoat® Waterborne Exterior Translucent 623,true
Arborcoat,639,Arborcoat® Exterior Waterborne Semi-Solid Deck & Siding Stain 639,true
Arborcoat,640,Arborcoat® Waterborne Exterior Stain Solid Color 640,true
Arborcoat,N623,Arborcoat® Waterborne Exterior Stain Traslucent N623,true
Arborcoat,N638,Arborcoat® Waterborne Exterior Stain Semi Transparent N638,true
Arborcoat,W623,Arborcoat® Waterborne Exterior Stain Traslucent W623,true
Athletic Field Marking Paste,B0-5500,Athletic Field Marking Paste (Concentrated) Flat B0-5500,false
Aura,532,Aura® Bath & Spa Waterborne Interior Paint Matte Finish 532,false
Aura,N522,Aura® Waterborne Interior Paint & Primer Matte Finish N522,false
Aura,N524,Aura® Waterborne Interior Paint & Primer Eggshell Finish N524,false
Aura,N526,Aura® Waterborne Interior Paint & Primer Satin Finish N526,false
Aura,N528,Aura® Waterborne Interior Paint & Primer Semi Gloss Finish N528,false
Aura,N629,Aura® Waterborne Exterior Paint - Flat N629,false
Aura,N631,Aura® Waterborne Exterior Paint - Satin N631,false
Aura,N632,Aura® Waterborne Exterior Paint Soft Gloss N632,false
Aura,N634,Aura® Waterborne Exterior Paint - Low Lustre N634,false
ben,N624,ben® Premium Interior Acrylic Paint & Primer Matte N624,false
ben,N626,ben® Premium Interior Acrylic Paint & Primer Eggshell N626,false
ben,N627,ben® Premium Interior Acrylic Paint & Primer Semi-Gloss N627,false
ben,N628,ben® Premium Interior Acrylic Paint & Primer Satin/Pearl N628,false
Benjamin Moore,244,Benjamin Moore Block Filler 244,false
Benjamin Moore,344,Benjamin Moore Knockdown Satin 344,false
Benjamin Moore,395,Benjamin Moore Latex Dry Fall Flat 395,false
Benjamin Moore,396,Benjamin Moore Latex Dry Fall Eggshell 396,false
Benjamin Moore,397,Benjamin Moore Latex Dry Fall Semi-Gloss 397,false
Blockout,TB-2100,Blockout® 100% Acrylic Exterior Primer TB-2100,true
"Brighten, Brightener & Neutralizer",317,"Brighten, Brightener & Neutralizer 317",true
Cabinet Coat,CC-65XX,Cabinet Coat Trim & Cabinet Enamel Satin Finish CC-65XX,false
Cabinet Coat,CC-66XX,Cabinet Coat Trim & Cabinet Enamel Semi-Gloss Finish CC-66XX,false
Calcimine Recoater,CAL-3060,Calcimine Recoater CAL-3060,false
Chlorinated Rubber Swimming Pool Paint,CR-26XX,Chlorinated Rubber Swimming Pool Paint Semi-Gloss Finish CR-26XX,false
"Clean, Multi Purpose Cleaner",N318,"Clean, Multi Purpose Cleaner N318",true
ClearCoat PRO,1PR.100,ClearCoat PRO Waterborne Floor Sealer Clear 1PR.100,true
Color-Changing Ceiling Paint,PC-1200,Color-Changing Ceiling Paint PC-1200,false
Concrete Etch CL-0300,CL-0300,Concrete Etch CL-0300,false
Coronado,100.11,Coronado® PVA Primer/Finish 100.11,false
Coronado,1203,"Coronado Door, Trim & Cabinet Enamel - Satin 1203",false
Coronado,1204,"Coronado Door, Trim & Cabinet Enamel - Semi-Gloss 1204",false
Coronado,170 Line,Coronado® Elast-O-Meric Roof & Masonry Coating Flat Finish 170 Line,false
Corotech,CV133,Corotech® Alkyd Shop Coat Primer CV133,false
Corotech,CV150,Corotech® Polyamide Epoxy Primer CV150,false
Corotech,CV201,Corotech® Alkyd Urethane Enamel Semi-Gloss CV201,false
Corotech,CV230,Corotech® Quick Dry Gloss Enamel CV230,false
Corotech,CV260,Corotech® Electrostatic Semi-Gloss Enamel CV260,false
Corotech,CV390,Corotech® COMMANDTM Waterborne Acrylic Urethane Gloss CV390,true
Corotech,CV392,Corotech® COMMANDTM Waterborne Acrylic Urethane Satin CV392,true
Corotech,V125,Corotech® Water Reducible Epoxy Ester Primer V125,false
Corotech,V133,Corotech® Alkyd Shop Coat Primer V133,false
Corotech,V140,Corotech® Alkyd Fabrication Metal Primer V140,false
Corotech,V150,Corotech® Polyamide Epoxy Primer V150,false
Corotech,V157,Corotech® Coal Tar Epoxy Black V157,false
Corotech,V163,Corotech® Waterborne Epoxyblock Filler V163,false
Corotech,V180,Corotech® Rust Arrestor V180,false
Corotech,V201,Corotech® Alkyd Urethane Enamel Semi-Gloss V201,false
Corotech,V210,Corotech® Water Reducible Alkyd Enamel V210,false
Corotech,V225,Corotech® High Solid Rapid Dry Gloss Coating V225,false
Corotech,V230,Corotech® Quick Dry Alkyd Enamel Gloss V230,false
Corotech,V260,Corotech® Electrostatic Alkyd Enamel V260,false
Corotech,V264,Corotech® Silicone Alkyd Hi Heat Coating V264,false
Corotech,V330,Corotech® Acrylic DTM Enamel Gloss V330,false
Corotech,V331,Corotech® Acrylic DTM Enamel Semi-Gloss V331,false
Corotech,V390,Corotech® COMMANDTM Waterborne Acrylic Urethane Gloss V390,true
Corotech,V392,Corotech® COMMANDTM Waterborne Acrylic Urethane Satin V392,true
Corotech,V440,Corotech® Waterborne Amine Epoxy V440,false
Corotech,V540,Corotech® Waterborne Urethane Gloss V540,false
Corotech,V705,Corotech® Gloss And Hardness Catalyst V705,false
Cryli Cote,N10,Cryli Cote® 100% Acrylic Flat House & Trim Flat Finish N10,false
Cryli Cote,N2 Line,Cryli Cote® 100% Acrylic Exterior Paint Semi-Gloss N2 Line,false
Cryli Cote,N410,Cryli Cote® 100% Acrylic Exterior Paint Satin N410,false
Decorative Alkyd Aerosol,AC-01,Decorative Alkyd Aerosol Gloss AC-01,false
Decorative Alkyd Aerosol,AC-02,Decorative Alkyd Aerosol Satin AC-02,false
Decorative Alkyd Aerosol,AC-03,Decorative Alkyd Aerosol Flat AC-03,false
Decorative Alkyd Aerosol,AC-04,Decorative Alkyd Aerosol Primer AC-04,false
Decorative Alkyd Aerosol,AC-05,Decorative Alkyd Aerosol Fluorescent AC-05,false
Decorative Alkyd Aerosol,AC-06,Decorative Alkyd Aerosol Lacquer AC-06,false
Decorative Alkyd Aerosol,AC-07,Decorative Alkyd Aerosol High Heat AC-07,false
Decorative Alkyd Aerosol,AC-08,Decorative Alkyd Aerosol Metallic AC-08,false
Decorative Alkyd Aerosol,AC-09,Decorative Alkyd Aerosol Epoxy Appliance AC-09,false
Decorative Floor Flakes EGF-XXX,EGF-XXX,Decorative Floor Flakes EGF-XXX,false
Drywall Primer,380,Drywall Primer 380,false
Eco Spec,N372,Eco Spec® WB Interior Latex Primer N372,true
Eco Spec,N373,Eco Spec® WB Interior Latex Flat Finish N373,true
Eco Spec,N374,Eco Spec® WB Interior Latex Eggshell Finish N374,true
Eco Spec,N376,Eco Spec® WB Interior Latex Semi Gloss Finish N376,true
Eco Spec,W372,Eco Spec® Interior Latex Primer W372,false
Eco Spec,W373,Eco Spec® Interior Latex Flat W373,false
Eco Spec,W374,Eco Spec® Interior Latex Eggshell W374,false
Eco Spec,W376,Eco Spec® Interior Latex Semi-Gloss W376,false
Elastite,1066 Line,Elastite® 100% Acrylic Masonry Sealer 1066 Line,true
Elastite,160 Line,Elastite® 10 Mil 100% Acrylic Elastomeric Waterproof Coating 160 Line,false
Elastite,162 Line,Elastite® 162 20 Mil 100% Acrylic Waterproof Coating 162 Line,false
Elastite,166 Line,Elastite® 166 100% Acrylic 20 Mil Elastomeric Waterproof Coating Super Stretch 166 Line,false
Elastite,260 Line,Elastite® 100% Acrylic Flat Finish 260 Line,false
Elastite,48 Line,Elastite® 100% Acrylic Masonry Sealer 48 Line,false
Element Guard,763,Element Guard™ Exterior Flat Finish 763,false
Element Guard,764,Element Guard™ Exterior Low Lustre Finish 764,false
Element Guard,765,Element Guard™ Exterior Soft Gloss Finish 765,false
Epoxy Pool Coating,IG-40XX,Epoxy Pool Coating Semi-Gloss Finish IG-40XX,false
Extender,518,Extender 518,false
Fast Sanding,507,Fast Sanding Primer 507,false
FinalTouch,136,FinalTouch® Interior Acrylic Flat 136,false
FinalTouch,62 Line,FinalTouch® Ultra Touch-Up Latex Wall Paint Flat 62 Line,false
Fire Retardant Paint,FR-110,Fire Retardant Paint Latex Intumescent Coating Flat Finish FR-110,false
Fire Retardant Paint,FR-210,Fire Retardant Paint Latex Intumescent Coating Flat Finish FR-210,false
Floor & Patio,W122,Floor & Patio Latex Enamel Low Sheen W122,false
Freezer-Kote,FK-13XX,Freezer-Kote Interior Enamel High-Gloss FK-13XX,false
Fresh Start,032,Fresh Start® Undercoater and Primer/Sealer 032,false
Fresh Start,046,Fresh Start® High-Hiding All Purpose Primer 046,false
Fresh Start,094,Fresh Start® Deck & Siding Primer 094,false
Fresh Start,C085,Fresh Start® All-Purpose Primer C085,true
Fresh Start,C094,Fresh Start® Deck & Siding Primer C094,false
GarageGuard,CG-3XXX,GarageGuard® 1-Part Concrete & Garage Floor Paint Satin CG-3XXX,false
GarageGuard,EGG-XXX,Garageguard® Water Based 2 Part Epoxy Semi Gloss EGG-XXX,false
Heavy Duty Degreaser CL-0100,CL-0100,Heavy Duty Degreaser CL-0100,false
High Build Peel Bonding Primer,BP-1100,High Build Peel Bonding Primer BP-1100,false
High Performance,CHP1320,High Performance Universal Metal Primer CHP1320,false
High Performance,CHP1420,High Performance Shop Primer CHP1420,false
High Performance,CHP2200,High Performance Alkyd Urethane Enamel Gloss CHP2200,false
High Performance,CHP2200.78,High Performance Alkyd Urethane Enamel Gloss Aluminum CHP2200.78,false
High Performance,CHP2210,High Performance Alkyd Urethane Enamel Semi-Gloss CHP2210,false
High Performance,CHP2300,High Performance Quick Dry Alkyd Enamel Gloss CHP2300,false
High Performance,CHP4000,HP Polyamide Epoxy CHP4000,false
High Performance,HP1100.01,High Performance Acrylic Metal Primer - White HP1100.01,false
High Performance,HP1100.20,High Performance Acrylic Metal Primer - Red HP1100.20,false
High Performance,HP1270,High Performance Acrylic Sealer/Finish HP1270,false
High Performance,HP1320,High Performance Universal Metal Primer HP1320,false
High Performance,HP1420,High Performance Shop Primer HP1420,false
High Performance,HP1550,High Performance Concrete and Metal Epoxy Primer HP1550,false
High Performance,HP1560,High Performance Quick Set Epoxy Floor Sealer HP1560,false
High Performance,HP1750,High Performance Waterborne Bonding Primer HP1750,false
High Performance,HP2100,High Performance Water Reducible Alkyd HP2100,false
High Performance,HP2200,High Performance Alkyd Urethane Enamel Gloss HP2200,false
High Performance,HP2200.78,High Performance Alkyd Urethane Enamel Gloss Aluminum HP2200.78,false
High Performance,HP2210,High Performance Alkyd Urethane Enamel Semi-Gloss HP2210,false
High Performance,HP2220,High Performance Alkyd Urethane Enamel Satin HP2220,false
High Performance,HP2300,High Performance Quick Dry Alkyd Enamel Gloss HP2300,false
High Performance,HP2400,High Performance Rapid Dry Alkyd Enamel HP2400,false
High Performance,HP2640,High Performance Silicone High Heat Coating HP2640,false
High Performance,HP3000,High Performance Quick Dry Acrylic Spray DTM HP3000,false
High Performance,HP3300,High Performance DTM Acrylic Enamel Gloss HP3300,false
High Performance,HP3310,High Performance DTM Acrylic Enamel Semi-Gloss HP3310,false
High Performance,HP3320,High Performance DTM Acrylic Enamel Satin HP3320,false
High Performance,HP3410,High Performance Pre-Catalyzed WB Epoxy Semi-Gloss HP3410,false
High Performance,HP3420,High Performance Pre-Catalyzed WB Epoxy Eggshell HP3420,false
High Performance,HP3900,High Performance COMMAND® Waterborne Acrylic Urethane Gloss HP3900,false
High Performance,HP3920,High Performance COMMAND® Waterborne Acrylic Urethane Satin HP3920,false
High Performance,HP4000,HP Polyamide Epoxy HP4000,false
High Performance,HP4100,High Performance Fast-Cure Polyamide Epoxy Satin HP4100,false
High Performance,HP4300,High Performance 100% Solids Epoxy HP4300,false
High Performance,HP4400,High Performance Waterborne Epoxy Gloss HP4400,false
High Performance,HP4420,High Performance Waterborne Epoxy Satin HP4420,false
High Performance,HP4600,HP Epoxy Mastic HP4600,false
High Performance,HP5000,High Performance Aliphatic Urethane Gloss HP5000,false
High Performance,HP5010,High Performance Aliphatic Urethane Semi-Gloss HP5010,false
High Performance,HP5200,High Performance Polyester Urethane HP5200,false
High Performance,HP5430,High Performance Aliphatic Urethane Matte HP5430,false
High Performance,HP5700,High Performance DTM Mastic Urethane - Gloss HP5700,false
High Performance,HP5720,High Performance DTM Mastic Urethane - Satin HP5720,false
High Performance,HP6000,HP Oil & Grease Emulsifier HP6000,false
High Performance,HP6300,High Performance Anti-Slip Aggregate HP6300,false
High-Build Exterior Texture,436,High-Build Exterior Texture Flat Fine 436,false
High-Build Exterior Texture,437,High-Build Exterior Texture Flat Medium 437,false
Hottrax,HTF-XXX,Hottrax® Epoxy Fortified Acrylic Concrete & Garage Floor Paint Satin Finish HTF-XXX,true
INSL-X,CHK-3078,INSL-X® Chalkboard Paint CHK-3078,false
INSL-X,HB-2100,INSL-X® High Build Latex Primer HB-2100,false
INSL-X,RO-3000,INSL-X Reduced Odor Oil-Based Primer – RO-3000,false
INSL-X,VB-5000,INSLX® Vapor Barrier Primer/Sealer VB-5000,false
Kitchen & Bath,W322,Kitchen & Bath 100% Acrylic Satin Finish W322,false
Latex Field Marking Paint,FM-65XX,Latex Field Marking Paint FM-65XX,false
Latex Floor & Patio,121,Latex Floor & Patio High Gloss Enamel 121,false
Latex Floor & Patio,N122,Latex Floor & Patio Low Sheen Enamel N122,false
Latex Traffic Paint,TP-22XX,Latex Traffic Paint TP-22XX,false
Latex Traffic Paint,TP-32XX,Latex Traffic Paint TP-32XX,false
Lead Block,EC-3210,Lead Block® Lead Encapsulant Coating Eggshell EC-3210,false
Marvelux,417,Marvelux™ Interior/Exterior Semi-Gloss Enamel 417,false
Max Block,SB-5000,Max Block™ Water-Based Stain Blocking Primer SB-5000,false
MULTAPPLY,1180,MULTAPPLY™ Waterborne Acrylic Enamel - Gloss 1180,false
MULTAPPLY,1190,MULTAPPLY™ Waterborne Acrylic Enamel - Semi-Gloss 1190,false
Multi-Purpose Primer,067,Multi-Purpose Primer 067,false
Multi-Surface Waterproofer WPS-1000,WPS-1000,Multi-Surface Waterproofer WPS-1000,false
Muresco,258,Muresco® Ceiling White 258,false
Prime All,AP-1000,Prime All™ Multi-Surface Latex Primer Sealer AP-1000,false
Prime Lock Plus,CPS-8000,Prime Lock Plus Alkyd Primer/Sealer Primer CPS-8000,false
Prime Lock Plus,PS-8100,Prime Lock Plus Alkyd Primer/Sealer PS-8100,false
Regal Select,261,Regal® Select Exterior Flat 261,false
Regal Select,262,Regal® Select Exterior Low Lustre 262,false
Regal Select,263,Regal® Select Exterior Soft Gloss 263,false
Regal Select,551,Regal® Select Premium Interior Paint & Primer Semi Gloss Finish 551 *available only in the South Coast market,false
Regal Select,N400,Regal® Select Exterior High Build Flat Finish N400,false
Regal Select,N401,Regal® Select Exterior High Build Low Lustre Finish N401,false
Regal Select,N403,Regal® Select Exterior High Build Soft Gloss Finish N403,false
Regal Select,N547,Regal® Select Premium Interior Paint & Primer Flat N547,false
Regal Select,N548,Regal® Select Premium Interior Paint & Primer Matte Finish N548,false
Regal Select,N549,Regal® Select Premium Interior Paint & Primer Eggshell Finish N549,false
Regal Select,N550,Regal® Select Premium Interior Paint & Primer Satin/Pearl Finish N550,false
Regal Select,N551,Regal® Select Premium Interior Paint & Primer Semi Gloss N551,false
Regal Select,W096,Regal® Select Exterior Paint - MoorGlo® Soft Gloss Finish W096,false
Regal Select,W103,Regal® Select Exterior Paint - Moorgard® Low Lustre Finish W103,false
Regal Select,W105,Regal® Select Exterior Paint – MoorLife® Flat Finish W105,false
"Remove,",315,"Remove, Finish Remover 315",true
"Restore, Wood Restorer",N316,"Restore, Wood Restorer N316",true
Rubber Based Pool Paint,RP-27XX,Rubber Based Pool Paint Satin Finish RP-27XX,false
Rust Preventative Alkyd Aerosol,AC-10,Rust Preventative Alkyd Aerosol Primer AC-10,false
Rust Preventative Alkyd Aerosol,AC-11,Rust Preventative Alkyd Aerosol Gloss AC-11,false
Rust Preventative Alkyd Aerosol,AC-12,Rust Preventative Alkyd Aerosol Satin AC-12,false
Rust Preventative Alkyd Aerosol,AC-13,Rust Preventative Alkyd Aerosol Flat AC-13,false
Rust Preventative Alkyd Aerosol,AC-14,Rust Preventative Alkyd Aerosol Safety Colors AC-14,false
Rust-A-Void,CR13,Rust-A-Void™ Alkyd Polyurethane Semi-Gloss Enamel CR13,false
Rust-A-Void,CR31,Rust-A-Void™ Alkyd Polyurethane Gloss Enamel CR31,false
Rust-A-Void,R13,Rust-A-Void™ Alkyd Polyurethane Semi-Gloss Enamel R13,false
Rust-A-Void,R31,Rust-A-Void™ Alkyd Polyurethane Gloss Enamel R31,false
Rust-A-Void,R651,Rust-A-Void™ Alkyd Polyurethane Satin Enamel R651,false
Satin Impervo,C235,Satin Impervo® Alkyd Low Lustre Enamel C235,false
Satin Impervo,Z235,"Satin Impervo® Alkyd Low Lustre Enamel (regional special, see TDS) Z235",false
Scuff-X,N484,Scuff-X® Interior Matte Finish - N484,false
Scuff-X,N485,Scuff-X® Interior Eggshell Finish - N485,false
Scuff-X,N486,Scuff-X® Interior Satin Finish - N486,false
Scuff-X,N487,Scuff-X® Interior Semi-Gloss Finish - N487,false
Seal Lock,IL-6800,Seal Lock® Plus Interior Alcohol Based Primer Sealer IL-6800,false
Stays Clear,W422,Stays Clear® Acrylic Polyurethane - High-Gloss W422,false
Stays Clear,W423,Stays Clear® Acrylic Polyurethane - Low-Lustre W423,false
Stays Clear,W425,Stays Clear® Acrylic Polyurethane - Flat W425,false
Stix,SXA-110,Stix® Waterborne Bonding Primer SXA-110,false
Stripple,0350,Stripple Latex Enamel Interior Satin Finish 0350,false
Super Hide,282,Super Hide® Latex Flat 282,true
Super Hide,283,Super Hide® Latex Semi-Gloss Enamel 283,true
Super Hide,C286,Super Hide® Latex Eggshell Enamel C286,true
Super Hide,N295,Super Hide® Interior Latex - Flat N295,false
Super Hide,N296,Super Hide® Interior Latex - Low Sheen Eggshell N296,false
Super Hide,N297,Super Hide® Interior Latex - Eggshell N297,false
Super Hide,N298,Super Hide® Interior Latex - Semi-Gloss N298,false
Super Hide Zero VOC,354,Super Hide® Zero VOC Interior Latex Primer 354,true
Super Hide Zero VOC,355,Super Hide® Zero VOC Interior Flat 355,true
Super Hide Zero VOC,356,Super Hide® Zero VOC Interior Low Sheen 356,true
Super Hide Zero VOC,357,Super Hide® Zero VOC Interior Eggshell 357,true
Super Hide Zero VOC,358,Super Hide® Zero VOC Interior Semi-Gloss 358,true
Super Kote 3000,301 Line,Super Kote® 3000 Acrylic Latex Flat 301 Line,false
Super Kote 3000,302 Line,Super Kote® 3000 Acrylic Latex Eggshell 302 Line,false
Super Kote 3000,304 Line,Super Kote® 3000 Acrylic Latex Semi-Gloss 304 Line,false
Super Kote 3000,904 Line,Super Kote® 3000 Latex High Build Flat 904 Line,false
Super Kote 5000,105 Line,Super Kote 5000® Dry Fall Alkyd Flat 105 Line,false
Super Kote 5000,112 Line,Super Kote 5000® Dry Fall Acrylic Latex Semi-Gloss 112 Line,false
Super Kote 5000,1130,Super Kote 5000® Acrylic Latex Enamel Low-Sheen Eggshell 1130,false
Super Kote 5000,1160,Super Kote 5000® Acrylic Latex Enamel Satin Finish 1160,false
Super Kote 5000,28 Line,Super Kote 5000® Acrylic Latex Flat 28 Line,false
Super Kote 5000,30 Line,Super Kote 5000® Acrylic Latex Enamel Eggshell 30 Line,false
Super Kote 5000,32 Line,Super Kote 5000® Acrylic Latex Enamel Semi-Gloss 32 Line,false
Super Kote 5000,762,Super Kote 5000® High Build Pro Flat 762,false
Super Kote 5000,908,Super Kote 5000® Knock Down Flat Finish 908,false
Super Kote 5000,918,Super Kote 5000® Knock Down Satin Finish 918,false
Super Kote 5000,958 Line,Super Kote 5000® Latex Production Block Filler Flat 958 Line,false
Super Kote 5000,N110 Line,Super Kote 5000® Dry Fall Acrylic Latex Flat N110 Line,false
Super Kote 5000,N110-27394,Super Kote 5000® Dry Fall Acrylic Latex Flat N110-27394,false
Super Spec,C271,Super Spec® Alkyd Semi-Gloss Finish C271,false
Super Spec HP,CP06,Super Spec HP® Alkyd Metal Primer CP06,false
Super Spec HP,CP22,Super Spec HP® Urethane Alkyd Gloss Enamel CP22,false
Super Spec HP,P06,Super Spec HP® Alkyd Metal Primer P06,false
Super Spec HP,P22,Super Spec HP® Urethane Alkyd Gloss Enamel P22,false
Super Spec HP,P23,Super Spec HP® D.T.M. Alkyd Low Lustre P23,false
Super Spec HP,P24,Super Spec HP® D.T.M. Alkyd Semi-Gloss P24,false
Sure Step,CSU-0XXX,Sure Step® 100% Acrylic Latex Anti-Slip Coating CSU-0XXX,true
Sure Step,NSU-10XX,Sure Step® 100% Acrylic Latex Anti-Slip Coating NSU-10XX,false
Sure Step,SU-0XXX,Sure Step® 100% Acrylic Latex Anti-Slip Coating SU-0XXX,true
Texcrete,194 Line,Texcrete® Ready To Use Silicone Water Repellent 194 Line,false
Texcrete,3192,Texcrete® WB Texture Waterproofer Sand Texture 3192,true
Texcrete,3194 Line,Texcrete® WB Texture Waterproofer Smooth Texture 3194 Line,true
Texcrete,3196 Line,Texcrete® WB Texture Waterproofer Medium Texture 3196 Line,true
Texcrete,W3192,Texcrete® WB Texture Waterproofer Sand Texture W3192,false
Texcrete,W3194,Texcrete® WB Texture Waterproofer Smooth Texture W3194,false
Texcrete,W3196,Texcrete® WB Texture Waterproofer Medium Texture W3196,false
Tough Shield,CTS-3XXX,Tough Shield® 100% Acrylic Floor And Patio Coating Satin Finish CTS-3XXX,true
Tough Shield,NTS-3XXX,Tough Shield® Acrylic Porch & Floor Coating Satin Finish NTS-3XXX,false
Tough Walls,34 Line,Tough Walls Acrylic Paint & Primer Enamel Eggshell Finish 34 Line,true
Tough Walls,N16,Tough Walls Acrylic Paint & Primer Flat N16,false
Tough Walls,N22,Tough Walls Acrylic Paint & Primer Enamel Semi-Gloss N22,false
Tough Walls,N34,Tough Walls Acrylic Paint & Primer Enamel Eggshell N34,false
Tough Walls,N60,Tough Walls Acrylic Paint & Primer Enamel Satin/Pearl N60,false
Tru-Flex,TRC-007,Tru-Flex™ Tennis Court System Bond Coat TRC-007,false
Tru-Flex,TRC-035,Tru-Flex™ 100% Acrylic Patch-N-Level Patching Compound TRC-035,false
Tru-Flex,TRC-038,Tru-Flex™ 100% Acrylic Line Marking Paint-Smooth TRC-038,false
Tru-Flex,TRC-040,Tru-Flex™ 100% Acrylic Filler Coat TRC-040,false
Tru-Flex,TRC-060,Tru-Flex™ 100% Acrylic Cushion Coat TRC-060,false
Tru-Flex,TRC-08X,Tru-Flex™ Smooth Colored Finish Coat TRC-08X,false
Tru-Flex,TRC-28X,Tru-Flex™ 100% Acrylic Textured Colored Finish Coat TRC-28X,false
Tuffcrete,CCST-2XXX,Tuffcrete® WB Acrylic Waterproofing Concrete Stain Satin Finish CCST-2XXX,false
Tuffcrete,CST-2XXX,Tuffcrete® WB Acrylic Waterproofing Concrete Stain Satin Finish CST-2XXX,false
Tuffcrete,CST-5XXX,Tuffcrete®Solvent Acrylic Waterproofing Concrete Stain Low Sheen Finish CST-5XXX,false
Ultra Spec,450,Ultra Spec® Exterior Acrylic Solid Color Stain 450,false
Ultra Spec,N609,Ultra Spec® Interior/Exterior Acrylic High-Build Masonry Primer N609,false
Ultra Spec 500,N534,Ultra Spec® 500 Interior Latex Primer N534,false
Ultra Spec 500,N537,Ultra Spec® 500 Interior Low Sheen Finish N537,true
Ultra Spec 500,N538,Ultra Spec® 500 Interior Eggshell Finish N538,true
Ultra Spec 500,T535,Ultra Spec® 500 Interior Flat Finish T535,false
Ultra Spec 500,T537,Ultra Spec® 500 Interior Low Sheen Eggshell T537,false
Ultra Spec 500,T538,Ultra Spec® 500 Interior Eggshell Finish T538,false
Ultra Spec 500,T545,Ultra Spec® 500 Interior Satin/Pearl Finish T545,false
Ultra Spec 500,T546,Ultra Spec® 500 Interior Semi-Gloss Finish T546,false
Ultra Spec EXT,N447,Ultra Spec® EXT Flat Finish N447,false
Ultra Spec EXT,N448,Ultra Spec® EXT Satin Finish N448,false
Ultra Spec EXT,N449,Ultra Spec® EXT Gloss Finish N449,false
Ultra Spec EXT,N455,Ultra Spec® Ext Low Lustre Finish N455,false
Ultra Spec EXT,W447,Ultra Spec® EXT Exterior Acrylic Flat W447,false
Ultra Spec EXT,W448,Ultra Spec® EXT Exterior Acrylic Satin W448,false
Ultra Spec EXT,W449,Ultra Spec® EXT Exterior Acrylic Soft Gloss W449,false
Ultra Spec EXT,W455,Ultra Spec® EXT Exterior Acrylic Low Lustre W455,false
Ultra Spec Hi-Build,571,Ultra Spec® Hi-Build Masonry Block Filler 571,false
Ultra Spec HP,HP04,Ultra Spec® HP Acrylic Metal Primer HP04,false
Ultra Spec HP,HP25,Ultra Spec HP® D.T.M. Acrylic Low Lustre Enamel HP25,false
Ultra Spec HP,HP28,Ultra Spec HP® D.T.M. Acrylic Gloss Enamel HP28,false
Ultra Spec HP,HP29,Ultra Spec HP® D.T.M. Acrylic Semi-Gloss Enamel HP29,false
Ultra Spec HP,WH25,Ultra Spec HP® D.T.M. Acrylic Low Lustre Enamel WH25,false
Ultra Spec HP,WH28,Ultra Spec HP® D.T.M. Acrylic Gloss Enamel WH28,false
Ultra Spec HP,WH29,Ultra Spec HP® D.T.M. Acrylic Semi-Gloss Enamel WH29,false
Ultra Spec Masonry,359,Ultra Spec® Masonry Elastomeric Waterproofing Coating- Flat 359,false
Ultra Spec Masonry,360,Ultra Spec® Masonry Elastomeric Waterproofing Coating - Low Lustre 360,false
Ultra Spec Masonry,452,Ultra Spec® Masonry Acrylic Latex Satin - FIL 452,false
Ultra Spec Masonry,608,Ultra Spec® Masonry Interior/Exterior 100% Acrylic Sealer 608,false
Waterblock,AMW-1000,Waterblock® Acrylic Masonry Flat Waterproofer AMW-1000,false
Waterborne Ceiling Paint,508,Waterborne Ceiling Paint 508,true
Waterborne Ceiling Paint,N508,Waterborne Ceiling Paint N508,false
Waterborne Pool Paint,WR-10XX,Waterborne Pool Paint Semi-Gloss Finish WR-10XX,false
Waterborne Pool Paint,WR-1XXX,Waterborne Pool Paint Semi-Gloss Finish WR-1XXX,false
Woodluxe,015-00,Woodluxe® Wood Stain Remover 015-00,false
Woodluxe,016-00,Woodluxe® Wood Restorer 016-00,false
Woodluxe,017-00,Woodluxe® Wood Brightener & Neutralizer 017-00,false
Woodluxe,018-00,Woodluxe® All-in-One Wood Cleaner 018-00,false
Woodluxe,591,Woodluxe® Oil-Based Waterproofing Stain + Sealer Translucent 591,false
Woodluxe,592,Woodluxe® Oil-Based Waterproofing Stain + Sealer Semi-Transparent 592,false
Woodluxe,593,Woodluxe® Oil-Based Waterproofing Stain + Sealer Semi-Solid 593,false
Woodluxe,691,Woodluxe® Water-Based Waterproofing Stain + Sealer Translucent 691,false
Woodluxe,692,Woodluxe® Water-Based Waterproofing Stain + Sealer Semi-Transparent 692,false
Woodluxe,693,Woodluxe® Water-Based Waterproofing Stain + Sealer Semi-Solid 693,false
Woodluxe,694,Woodluxe® Water-Based Deck + Siding Exterior Stain Solid 694,false
Woodluxe,695,Woodluxe® Water-Based Deck + Siding Exterior Stain Ultra Flat 695,false
Woodluxe,C591,Woodluxe® Oil-Based Waterproofing Stain + Sealer Translucent C591,false
Woodluxe,C592,Woodluxe® Oil-Based Waterproofing Stain + Sealer Semi-Transparent C592,false
Woodluxe,C593,Woodluxe® Oil-Based Waterproofing Stain + Sealer Semi-Solid C593,false
