filename,product_name,sku,discontinued,classification,classification_source,tds_url,md5,retrieved_date
0121_TDS_US.pdf,Latex Floor & Patio High Gloss Enamel 121,121,false,TDS,auto,https://media.benjaminmoore.com/WebServices/prod/assets/production/datasheets/TDS_0121/0121_TDS_US.pdf,a7c302220d01e5a53adf9a94401330fa,2026-10-07
015_TDS_US.pdf,Woodluxe® Wood Stain Remover 015-00,015-00,false,TDS,auto,https://media.benjaminmoore.com/WebServices/prod/assets/production/datasheets/TDS_0015/015_TDS_US.pdf,2b79289b28dc1249a91868aa6274c8fe,2026-10-07
016_TDS_US.pdf,Woodluxe® Wood Restorer 016-00,016-00,false,TDS,auto,https://media.benjaminmoore.com/WebServices/prod/assets/production/datasheets/TDS_0016/016_TDS_US.pdf,a9f2a056c6be20b74a77ec9f0b98ebe6,2026-10-07
017_TDS_US.pdf,Woodluxe® Wood Brightener & Neutralizer 017-00,017-00,false,TDS,auto,https://media.benjaminmoore.com/WebServices/prod/assets/production/datasheets/TDS_0017/017_TDS_US.pdf,4aafbfdce112c5aa7adc721a493a6e73,2026-10-07
018_TDS_US.pdf,Woodluxe® All-in-One Wood Cleaner 018-00,018-00,false,TDS,auto,https://media.benjaminmoore.com/WebServices/prod/assets/production/datasheets/TDS_0018/018_TDS_US.pdf,e5fbc27c7d7696c9a2e30175a191a421,2026-10-07
0326_C326_TDS_US.pdf,Arborcoat® Exterior Oil Finish Translucent 326/C326,326/C326,true,TDS,auto,https://media.benjaminmoore.com/WebServices/prod/assets/production/datasheets/Discontinued/TDS_0326/0326_C326_TDS_US.pdf,d25cb3d1a6597392a1e4acf82168b584,2026-10-07
032_TDS_US.pdf,Fresh Start® Undercoater and Primer/Sealer 032,032,false,TDS,auto,https://media.benjaminmoore.com/WebServices/prod/assets/production/datasheets/TDS_032/032_TDS_US.pdf,da023337c8ed19f4a39f390fc3b4f73f,2026-10-07
0359_TDS_US.pdf,Ultra Spec® Masonry Elastomeric Waterproofing Coating- Flat 359,359,false,TDS,auto,https://media.benjaminmoore.com/WebServices/prod/assets/production/datasheets/TDS_0359/0359_TDS_US.pdf,b29dc9b3d01789e798ca091019f62599,2026-10-07
046_TDS_US.pdf,Fresh Start® High-Hiding All Purpose Primer 046,046,false,TDS,auto,https://media.benjaminmoore.com/WebServices/prod/assets/production/datasheets/TDS_0046/046_TDS_US.pdf,e8b88bbbd1976e8db300bf2faa5d7222,2026-10-07
067_TDS_US.pdf,Multi-Purpose Primer 067,067,false,TDS,auto,https://media.benjaminmoore.com/WebServices/prod/assets/production/datasheets/TDS_067/067_TDS_US.pdf,722538ed7a68350b8d31dc5fe9270ffe,2026-10-07
094_TDS_US.pdf,Fresh Start® Deck & Siding Primer 094,094,false,TDS,auto,https://media.benjaminmoore.com/WebServices/prod/assets/production/datasheets/TDS_0094/094_TDS_US.pdf,2727c4f0d48679760ea83d7e4d8b7b8d,2026-10-07
100.11_TDS_EN.pdf,Coronado® PVA Primer/Finish 100.11,100.11,false,TDS,auto,https://media.benjaminmoore.com/WebServices/prod/assets/production/datasheets/TDS_100.11/100.11_TDS_EN.pdf,6d04476047690a03229c26bb0fc68d4e,2026-10-07
105_line_TDS_EN.pdf,Super Kote 5000® Dry Fall Alkyd Flat 105 Line,105 Line,false,TDS,auto,https://media.benjaminmoore.com/WebServices/prod/assets/production/datasheets/TDS_105Line/105_line_TDS_EN.pdf,9cf959f3dd3b95004c3bc61b869c0146,2026-10-07
1066_line_TDS_EN.pdf,Elastite® 100% Acrylic Masonry Sealer 1066 Line,1066 Line,true,TDS,auto,https://media.benjaminmoore.com/WebServices/prod/assets/production/datasheets/Discontinued/TDS_1066/1066_line_TDS_EN.pdf,44bc553281e2fb3020a2a6ab71c6433a,2026-10-07
112_line_TDS_EN.pdf,Super Kote 5000® Dry Fall Acrylic Latex Semi-Gloss 112 Line,112 Line,false,TDS,auto,https://media.benjaminmoore.com/WebServices/prod/assets/production/datasheets/TDS_112Line/112_line_TDS_EN.pdf,9d48dbff7264ad53687de45d208f8767,2026-10-07
1130_TDS_EN.pdf,Super Kote 5000® Acrylic Latex Enamel Low-Sheen Eggshell 1130,1130,false,TDS,auto,https://media.benjaminmoore.com/WebServices/prod/assets/production/datasheets/TDS_1130Line/1130_TDS_EN.pdf,8d0ec904634e4c048755fe32f564f0af,2026-10-07
1160_line_TDS_EN.pdf,Super Kote 5000® Acrylic Latex Enamel Satin Finish 1160,1160,false,TDS,auto,https://media.benjaminmoore.com/WebServices/prod/assets/production/datasheets/TDS_1160Line/1160_line_TDS_EN.pdf,d4b0bc187a6355cf74bbf1d165f67ff1,2026-10-07
1180_TDS_US.pdf,MULTAPPLY™ Waterborne Acrylic Enamel - Gloss 1180,1180,false,TDS,auto,https://media.benjaminmoore.com/WebServices/prod/assets/production/datasheets/TDS_1180/1180_TDS_US.pdf,3b675651d636f16777efcd47b8a205e7,2026-10-07
1190_TDS_US.pdf,MULTAPPLY™ Waterborne Acrylic Enamel - Semi-Gloss 1190,1190,false,TDS,auto,https://media.benjaminmoore.com/WebServices/prod/assets/production/datasheets/TDS_1190/1190_TDS_US.pdf,1d8defd5838e0c3fa3fae20969e4e954,2026-10-07
1203_TDS_EN.pdf,"Coronado Door, Trim & Cabinet Enamel - Satin 1203",1203,false,TDS,auto,https://media.benjaminmoore.com/WebServices/prod/assets/production/datasheets/TDS_1203/1203_TDS_EN.pdf,b642ba9f35482dd90ec477cd9c5b8d05,2026-10-07
1204_TDS_EN.pdf,"Coronado Door, Trim & Cabinet Enamel - Semi-Gloss 1204",1204,false,TDS,auto,https://media.benjaminmoore.com/WebServices/prod/assets/production/datasheets/TDS_1204/1204_TDS_EN.pdf,94f3bccac9ccf066b7d07b18f791bf9c,2026-10-07
136_TDS_US.pdf,FinalTouch® Interior Acrylic Flat 136,136,false,TDS,auto,https://media.benjaminmoore.com/WebServices/prod/assets/production/datasheets/TDS_136/136_TDS_US.pdf,938d784f300040c97f73772b8888805b,2026-10-07
160_TDS_EN.pdf,Elastite® 10 Mil 100% Acrylic Elastomeric Waterproof Coating 160 Line,160 Line,false,TDS,auto,https://media.benjaminmoore.com/WebServices/prod/assets/production/datasheets/TDS_0160/160_TDS_EN.pdf,09503d4673ef52595cc352c8478bd562,2026-10-07
162_TDS_EN.pdf,Elastite® 162 20 Mil 100% Acrylic Waterproof Coating 162 Line,162 Line,false,TDS,auto,https://media.benjaminmoore.com/WebServices/prod/assets/production/datasheets/TDS_0162/162_TDS_EN.pdf,83b42f3cbe7660a37a52548808f37598,2026-10-07
166_TDS_EN.pdf,Elastite® 166 100% Acrylic 20 Mil Elastomeric Waterproof Coating Super Stretch 166 Line,166 Line,false,TDS,auto,https://media.benjaminmoore.com/WebServices/prod/assets/production/datasheets/TDS_0166/166_TDS_EN.pdf,a012d8e94a80b8eb58e8c1b35b6027de,2026-10-07
170_line_TDS_EN.pdf,Coronado® Elast-O-Meric Roof & Masonry Coating Flat Finish 170 Line,170 Line,false,TDS,auto,https://media.benjaminmoore.com/WebServices/prod/assets/production/datasheets/TDS_170Line/170_line_TDS_EN.pdf,60d3ea5faf6bc2397b4951afef858a6a,2026-10-07
194_line_TDS_EN.pdf,Texcrete® Ready To Use Silicone Water Repellent 194 Line,194 Line,false,TDS,auto,https://media.benjaminmoore.com/WebServices/prod/assets/production/datasheets/TDS_0194/194_line_TDS_EN.pdf,894dd21c7e67bce94181a474ba803a67,2026-10-07
20180816 1PR_100_TDS EN.pdf,ClearCoat PRO Waterborne Floor Sealer Clear 1PR.100,1PR.100,true,TDS,auto,https://media.benjaminmoore.com/WebServices/prod/assets/production/datasheets/Discontinued/TDS_1PR.100/20180816 1PR_100_TDS EN.pdf,80d4ebd1b1afd6948317fb0510612449,2026-10-07
244_TDS_EN.pdf,Benjamin Moore Block Filler 244,244,false,TDS,auto,https://media.benjaminmoore.com/WebServices/prod/assets/production/datasheets/TDS_0244/244_TDS_EN.pdf,8e1096e846cabdb5bf2dbaa3d80a1e0e,2026-10-07
258_TDS_US.pdf,Muresco® Ceiling White 258,258,false,TDS,auto,https://media.benjaminmoore.com/WebServices/prod/assets/production/datasheets/TDS_0258/258_TDS_US.pdf,fbe90a9eadb48da284baef7ee3edbe4f,2026-10-07
260_line_TDS_EN.pdf,Elastite® 100% Acrylic Flat Finish 260 Line,260 Line,false,TDS,auto,https://media.benjaminmoore.com/WebServices/prod/assets/production/datasheets/TDS_260Line/260_line_TDS_EN.pdf,b1bee18a5b1ee47ca5e4a57ccf481bf2,2026-10-07
261_TDS_US.pdf,Regal® Select Exterior Flat 261,261,false,TDS,auto,https://media.benjaminmoore.com/WebServices/prod/assets/production/datasheets/TDS_0261/261_TDS_US.pdf,3a5f5025ed80bfb9675b6194e8fddb0b,2026-10-07
262_TDS_US.pdf,Regal® Select Exterior Low Lustre 262,262,false,TDS,auto,https://media.benjaminmoore.com/WebServices/prod/assets/production/datasheets/TDS_0262/262_TDS_US.pdf,58ac971aa97429a5e7c5ffe694f2fb29,2026-10-07
263_TDS_US.pdf,Regal® Select Exterior Soft Gloss 263,263,false,TDS,auto,https://media.benjaminmoore.com/WebServices/prod/assets/production/datasheets/TDS_0263/263_TDS_US.pdf,47452bfb7afd9c5805a216b655191d45,2026-10-07
282_TDS_US.pdf,Super Hide® Latex Flat 282,282,true,TDS,auto,https://media.benjaminmoore.com/WebServices/prod/assets/production/datasheets/Discontinued/TDS_0282/282_TDS_US.pdf,e903319c69b3d67312057ddae045679d,2026-10-07
283_TDS_US.pdf,Super Hide® Latex Semi-Gloss Enamel 283,283,true,TDS,auto,https://media.benjaminmoore.com/WebServices/prod/assets/production/datasheets/Discontinued/TDS_0283/283_TDS_US.pdf,660b263ef2e2d0b40c72a6d8ff6a3e4d,2026-10-07
28_line_TDS_EN.pdf,Super Kote 5000® Acrylic Latex Flat 28 Line,28 Line,false,TDS,auto,https://media.benjaminmoore.com/WebServices/prod/assets/production/datasheets/TDS_28Line/28_line_TDS_EN.pdf,649e82b0ae6d32f47ed0a87341c486b6,2026-10-07
301_line_TDS_EN.pdf,Super Kote® 3000 Acrylic Latex Flat 301 Line,301 Line,false,TDS,auto,https://media.benjaminmoore.com/WebServices/prod/assets/production/datasheets/TDS_301Line/301_line_TDS_EN.pdf,bbfaeb51cc129f4c61de76cd3c5ce728,2026-10-07
302_line_TDS_EN.pdf,Super Kote® 3000 Acrylic Latex Eggshell 302 Line,302 Line,false,TDS,auto,https://media.benjaminmoore.com/WebServices/prod/assets/production/datasheets/TDS_302Line/302_line_TDS_EN.pdf,b14898069d41ac340f89181bc37a665c,2026-10-07
304_line_TDS_EN.pdf,Super Kote® 3000 Acrylic Latex Semi-Gloss 304 Line,304 Line,false,TDS,auto,https://media.benjaminmoore.com/WebServices/prod/assets/production/datasheets/TDS_304Line/304_line_TDS_EN.pdf,2ca41f1997fb484f4021f3fbe7a90bcc,2026-10-07
30_line_TDS_EN.pdf,Super Kote 5000® Acrylic Latex Enamel Eggshell 30 Line,30 Line,false,TDS,auto,https://media.benjaminmoore.com/WebServices/prod/assets/production/datasheets/TDS_30Line/30_line_TDS_EN.pdf,37ed2bbc5cb4403400b4bf77b57b647e,2026-10-07
315_TDS_US.pdf,"Remove, Finish Remover 315",315,true,TDS,auto,https://media.benjaminmoore.com/WebServices/prod/assets/production/datasheets/Discontinued/TDS_0315/315_TDS_US.pdf,16f2b072c315468d2f100320ef479de0,2026-10-07
317_TDS_US.pdf,"Brighten, Brightener & Neutralizer 317",317,true,TDS,auto,https://media.benjaminmoore.com/WebServices/prod/assets/production/datasheets/Discontinued/TDS_0317/317_TDS_US.pdf,0b001e3b9c20f80eecba9be79c63a655,2026-10-07
3192_TDS_EN.pdf,Texcrete® WB Texture Waterproofer Sand Texture 3192,3192,true,TDS,auto,https://media.benjaminmoore.com/WebServices/prod/assets/production/datasheets/Discontinued/TDS_3192/3192_TDS_EN.pdf,2e3b0f660c950d25e3da2ffb887441ba,2026-10-07
3194_line_TDS_EN.pdf,Texcrete® WB Texture Waterproofer Smooth Texture 3194 Line,3194 Line,true,TDS,auto,https://media.benjaminmoore.com/WebServices/prod/assets/production/datasheets/Discontinued/TDS_3194/3194_line_TDS_EN.pdf,671aab1774ded54ae027cd7792468803,2026-10-07
3196_TDS_EN.pdf,Texcrete® WB Texture Waterproofer Medium Texture 3196 Line,3196 Line,true,TDS,auto,https://media.benjaminmoore.com/WebServices/prod/assets/production/datasheets/Discontinued/TDS_3196/3196_TDS_EN.pdf,c08cb855a968a01f6c4580808fe0fbfa,2026-10-07
328_C328_TDS_US.pdf,Arborcoat® Exterior Oil Stain Semi Transparent 328/C328,328/C328,true,TDS,auto,https://media.benjaminmoore.com/WebServices/prod/assets/production/datasheets/Discontinued/TDS_0328/328_C328_TDS_US.pdf,ac88d3b48cae9c9fd8ae00e9f001291a,2026-10-07
329_C329_TDS_US.pdf,Arborcoat® Exterior Oil Stain Semi Solid 329/C329,329/C329,true,TDS,auto,https://media.benjaminmoore.com/WebServices/prod/assets/production/datasheets/Discontinued/TDS_0329/329_C329_TDS_US.pdf,463b7bb4923b25502c58babf92bb8109,2026-10-07
32_line_TDS_EN.pdf,Super Kote 5000® Acrylic Latex Enamel Semi-Gloss 32 Line,32 Line,false,TDS,auto,https://media.benjaminmoore.com/WebServices/prod/assets/production/datasheets/TDS_32Line/32_line_TDS_EN.pdf,398222ac3d264b260091cdc8fb5b40b5,2026-10-07
343_TDS_EN.pdf,Acrylic Knockdown Flat 343,343,false,TDS,auto,https://media.benjaminmoore.com/WebServices/prod/assets/production/datasheets/TDS_0343/343_TDS_EN.pdf,fc8c4ae41c74288d8167cebbaa5a58a1,2026-10-07
344_TDS_EN.pdf,Benjamin Moore Knockdown Satin 344,344,false,TDS,auto,https://media.benjaminmoore.com/WebServices/prod/assets/production/datasheets/TDS_0344/344_TDS_EN.pdf,60061b1a47601cb5853ed8e462b28d33,2026-10-07
350_TDS_US.pdf,Stripple Latex Enamel Interior Satin Finish 0350,0350,false,TDS,auto,https://media.benjaminmoore.com/WebServices/prod/assets/production/datasheets/TDS_0350/350_TDS_US.pdf,e849563faa055abc9f30d8e1644310b8,2026-10-07
354 TDS US OKF.pdf,Super Hide® Zero VOC Interior Latex Primer 354,354,true,TDS,auto,https://media.benjaminmoore.com/WebServices/prod/assets/production/datasheets/Discontinued/TDS_0354/354 TDS US OKF.pdf,7d1a3e00efe3ba5eb819851eaca26940,2026-10-07
355_TDS_US.pdf,Super Hide® Zero VOC Interior Flat 355,355,true,TDS,auto,https://media.benjaminmoore.com/WebServices/prod/assets/production/datasheets/Discontinued/TDS_0355/355_TDS_US.pdf,fcf7e9ff4ee782d2c2f5779818eee158,2026-10-07
356_TDS_US.pdf,Super Hide® Zero VOC Interior Low Sheen 356,356,true,TDS,auto,https://media.benjaminmoore.com/WebServices/prod/assets/production/datasheets/Discontinued/TDS_0356/356_TDS_US.pdf,b1aeea4b6db7fe0e59f4f91fd3477015,2026-10-07
357_TDS_US.pdf,Super Hide® Zero VOC Interior Eggshell 357,357,true,TDS,auto,https://media.benjaminmoore.com/WebServices/prod/assets/production/datasheets/Discontinued/TDS_0357/357_TDS_US.pdf,73fe1657aa3282501571b6afcfaebfc5,2026-10-07
358_TDS_US.pdf,Super Hide® Zero VOC Interior Semi-Gloss 358,358,true,TDS,auto,https://media.benjaminmoore.com/WebServices/prod/assets/production/datasheets/Discontinued/TDS_0358/358_TDS_US.pdf,0b59b85fbf1e6181c3e7ffb0b7e681b6,2026-10-07
360_TDS_US.pdf,Ultra Spec® Masonry Elastomeric Waterproofing Coating - Low Lustre 360,360,false,TDS,auto,https://media.benjaminmoore.com/WebServices/prod/assets/production/datasheets/TDS_0360/360_TDS_US.pdf,be63720682b523a24357e6acb06f45a7,2026-10-07
380_TDS_US.pdf,Drywall Primer 380,380,false,TDS,auto,https://media.benjaminmoore.com/WebServices/prod/assets/production/datasheets/TDS_380/380_TDS_US.pdf,bf21a308c52818754655e026e64dd1e4,2026-10-07
395_TDS_US.pdf,Benjamin Moore Latex Dry Fall Flat 395,395,false,TDS,auto,https://media.benjaminmoore.com/WebServices/prod/assets/production/datasheets/TDS_0395/395_TDS_US.pdf,a8127a063f32def4c05ddfe4d3bbcf1a,2026-10-07
396_TDS_EN.pdf,Benjamin Moore Latex Dry Fall Eggshell 396,396,false,TDS,auto,https://media.benjaminmoore.com/WebServices/prod/assets/production/datasheets/TDS_0396/396_TDS_EN.pdf,2187b11c2d91bc8a308b4f0fec0d1172,2026-10-07
397_TDS_EN.pdf,Benjamin Moore Latex Dry Fall Semi-Gloss 397,397,false,TDS,auto,https://media.benjaminmoore.com/WebServices/prod/assets/production/datasheets/TDS_0397/397_TDS_EN.pdf,e9f1889c7157bc913b632d2fc0b046d6,2026-10-07
417_TDS_US.pdf,Marvelux™ Interior/Exterior Semi-Gloss Enamel 417,417,false,TDS,auto,https://media.benjaminmoore.com/WebServices/prod/assets/production/datasheets/TDS_0417/417_TDS_US.pdf,7d31a7f99390fb7e688cb8c6ae14f9ef,2026-10-07
436_TDS_US.pdf,High-Build Exterior Texture Flat Fine 436,436,false,TDS,auto,https://media.benjaminmoore.com/WebServices/prod/assets/production/datasheets/TDS_0436/436_TDS_US.pdf,91041e16b3ccfd0d3981fb7839df81b2,2026-10-07
437_TDS_US.pdf,High-Build Exterior Texture Flat Medium 437,437,false,TDS,auto,https://media.benjaminmoore.com/WebServices/prod/assets/production/datasheets/TDS_0437/437_TDS_US.pdf,01fc97375184343143ef49f58fbd5f52,2026-10-07
450_TDS_US.pdf,Ultra Spec® Exterior Acrylic Solid Color Stain 450,450,false,TDS,auto,https://media.benjaminmoore.com/WebServices/prod/assets/production/datasheets/TDS_0450/450_TDS_US.pdf,9c256506072d178b792f3725d959ae08,2026-10-07
452_TDS_US.pdf,Ultra Spec® Masonry Acrylic Latex Satin - FIL 452,452,false,TDS,auto,https://media.benjaminmoore.com/WebServices/prod/assets/production/datasheets/TDS_0452/452_TDS_US.pdf,05f91c9140e2f923ce6017476e678740,2026-10-07
48_line_TDS_EN.pdf,Elastite® 100% Acrylic Masonry Sealer 48 Line,48 Line,false,TDS,auto,https://media.benjaminmoore.com/WebServices/prod/assets/production/datasheets/TDS_48Line/48_line_TDS_EN.pdf,ef68589606dd34bfa3052e82f9bd954f,2026-10-07
507_TDS_US.pdf,Fast Sanding Primer 507,507,false,TDS,auto,https://media.benjaminmoore.com/WebServices/prod/assets/production/datasheets/TDS_507/507_TDS_US.pdf,13a1e3f2ee5a226a789dc7517771a088,2026-10-07
508_TDS_US.pdf,Waterborne Ceiling Paint 508,508,true,TDS,auto,https://media.benjaminmoore.com/WebServices/prod/assets/production/datasheets/Discontinued/TDS_0508/508_TDS_US.pdf,7c91399e2c40ce41943e6f8885313bd0,2026-10-07
518_TDS_US.pdf,Extender 518,518,false,TDS,auto,https://media.benjaminmoore.com/WebServices/prod/assets/production/datasheets/TDS_0518/518_TDS_US.pdf,2fb6343c3a36e5d15805fa8e574cea11,2026-10-07
532_TDS_US.pdf,Aura® Bath & Spa Waterborne Interior Paint Matte Finish 532,532,false,TDS,auto,https://media.benjaminmoore.com/WebServices/prod/assets/production/datasheets/TDS_0532/532_TDS_US.pdf,e81e1c152e28bcc5dfeefcb4cb98845f,2026-10-07
551_TDS_US.pdf,Regal® Select Premium Interior Paint & Primer Semi Gloss Finish 551 *available only in the South Coast market,551,false,TDS,auto,https://media.benjaminmoore.com/WebServices/prod/assets/production/datasheets/TDS_0551/551_TDS_US.pdf,07a99e8c26d77675b76d9d5c60fa488b,2026-10-07
571_TDS_US.pdf,Ultra Spec® Hi-Build Masonry Block Filler 571,571,false,TDS,auto,https://media.benjaminmoore.com/WebServices/prod/assets/production/datasheets/TDS_0571/571_TDS_US.pdf,891c900b1a652655b193308216d1d1ee,2026-10-07
591_TDS_US.pdf,Woodluxe® Oil-Based Waterproofing Stain + Sealer Translucent 591,591,false,TDS,auto,https://media.benjaminmoore.com/WebServices/prod/assets/production/datasheets/TDS_0591/591_TDS_US.pdf,2ca4b626bf9aece24431a149b7f8f7be,2026-10-07
592_TDS_US.pdf,Woodluxe® Oil-Based Waterproofing Stain + Sealer Semi-Transparent 592,592,false,TDS,auto,https://media.benjaminmoore.com/WebServices/prod/assets/production/datasheets/TDS_0592/592_TDS_US.pdf,253f70ef44d7c742c585442355c5c0fa,2026-10-07
593_TDS_US.pdf,Woodluxe® Oil-Based Waterproofing Stain + Sealer Semi-Solid 593,593,false,TDS,auto,https://media.benjaminmoore.com/WebServices/prod/assets/production/datasheets/TDS_0593/593_TDS_US.pdf,dfdf0ff04ae9f1300161038091e77bb8,2026-10-07
608_TDS_US.pdf,Ultra Spec® Masonry Interior/Exterior 100% Acrylic Sealer 608,608,false,TDS,auto,https://media.benjaminmoore.com/WebServices/prod/assets/production/datasheets/TDS_0608/608_TDS_US.pdf,1edf2bcd446e95116ce5a261170569b1,2026-10-07
610_TDS_US.pdf,Arborcoat® Waterborne Ultra Flat Solid Stain 610,610,true,TDS,auto,https://media.benjaminmoore.com/WebServices/prod/assets/production/datasheets/Discontinued/TDS_0610/610_TDS_US.pdf,3fc5309ecf2bb5d213c667d431e7110a,2026-10-07
623_TDS_US.pdf,Arborcoat® Waterborne Exterior Translucent 623,623,true,TDS,auto,https://media.benjaminmoore.com/WebServices/prod/assets/production/datasheets/Discontinued/TDS_0623/623_TDS_US.pdf,ff4bcb787286b0621a7007f5dc8b9aa2,2026-10-07
62_TDS_EN.pdf,FinalTouch® Ultra Touch-Up Latex Wall Paint Flat 62 Line,62 Line,false,TDS,auto,https://media.benjaminmoore.com/WebServices/prod/assets/production/datasheets/TDS_62Line/62_TDS_EN.pdf,33bad0d09227c961784439e3b1605c0b,2026-10-07
639_TDS_US.pdf,Arborcoat® Exterior Waterborne Semi-Solid Deck & Siding Stain 639,639,true,TDS,auto,https://media.benjaminmoore.com/WebServices/prod/assets/production/datasheets/Discontinued/TDS_0639/639_TDS_US.pdf,7fed8c3976e27dfca29e224039e38734,2026-10-07
640_TDS_US.pdf,Arborcoat® Waterborne Exterior Stain Solid Color 640,640,true,TDS,auto,https://media.benjaminmoore.com/WebServices/prod/assets/production/datasheets/Discontinued/TDS_0640/640_TDS_US.pdf,425491ff41caba03df1ae40ab763cf33,2026-10-07
691_TDS_US.pdf,Woodluxe® Water-Based Waterproofing Stain + Sealer Translucent 691,691,false,TDS,auto,https://media.benjaminmoore.com/WebServices/prod/assets/production/datasheets/TDS_0691/691_TDS_US.pdf,0555c00cd00ccb893686a1cb7557caad,2026-10-07
692_TDS_US.pdf,Woodluxe® Water-Based Waterproofing Stain + Sealer Semi-Transparent 692,692,false,TDS,auto,https://media.benjaminmoore.com/WebServices/prod/assets/production/datasheets/TDS_0692/692_TDS_US.pdf,4e70a2140b7693fd9aa07b562a8535c7,2026-10-07
693_TDS_US.pdf,Woodluxe® Water-Based Waterproofing Stain + Sealer Semi-Solid 693,693,false,TDS,auto,https://media.benjaminmoore.com/WebServices/prod/assets/production/datasheets/TDS_0693/693_TDS_US.pdf,5e79145ac1a3036093e71f635d5563f7,2026-10-07
694_TDS_US.pdf,Woodluxe® Water-Based Deck + Siding Exterior Stain Solid 694,694,false,TDS,auto,https://media.benjaminmoore.com/WebServices/prod/assets/production/datasheets/TDS_0694/694_TDS_US.pdf,5211503543e57eb87fd0e9293100057b,2026-10-07
695_TDS_US.pdf,Woodluxe® Water-Based Deck + Siding Exterior Stain Ultra Flat 695,695,false,TDS,auto,https://media.benjaminmoore.com/WebServices/prod/assets/production/datasheets/TDS_0695/695_TDS_US.pdf,a6f7436bec3e75cf92384d2e8bcd5f55,2026-10-07
762_TDS_EN.pdf,Super Kote 5000® High Build Pro Flat 762,762,false,TDS,auto,https://media.benjaminmoore.com/WebServices/prod/assets/production/datasheets/TDS_0762/762_TDS_EN.pdf,a7f35117adffaf3b5eddf2426e59b50a,2026-10-07
763_TDS_US.pdf,Element Guard™ Exterior Flat Finish 763,763,false,TDS,auto,https://media.benjaminmoore.com/WebServices/prod/assets/production/datasheets/TDS_0763/763_TDS_US.pdf,3a83bf06efeb692f8aafa1b3620a70e9,2026-10-07
764_TDS_US.pdf,Element Guard™ Exterior Low Lustre Finish 764,764,false,TDS,auto,https://media.benjaminmoore.com/WebServices/prod/assets/production/datasheets/TDS_0764/764_TDS_US.pdf,cb9049fd6485f456a5c10cfed2f4fca4,2026-10-07
765_TDS_US.pdf,Element Guard™ Exterior Soft Gloss Finish 765,765,false,TDS,auto,https://media.benjaminmoore.com/WebServices/prod/assets/production/datasheets/TDS_0765/765_TDS_US.pdf,aefee49201285204b9434d5655741d5a,2026-10-07
792_TDS_US.pdf,Advance® Waterborne Interior Alkyd Satin 792,792,false,TDS,auto,https://media.benjaminmoore.com/WebServices/prod/assets/production/datasheets/TDS_0792/792_TDS_US.pdf,5592fe12f0f066c23920105a5a8f933d,2026-10-07
793_TDS_US.pdf,Advance® Waterborne Interior Alkyd Semi Gloss 793,793,false,TDS,auto,https://media.benjaminmoore.com/WebServices/prod/assets/production/datasheets/TDS_0793/793_TDS_US.pdf,51093c02aee3b899b9fa803643ae28d1,2026-10-07
904_TDS_EN.pdf,Super Kote® 3000 Latex High Build Flat 904 Line,904 Line,false,TDS,auto,https://media.benjaminmoore.com/WebServices/prod/assets/production/datasheets/TDS_904/904_TDS_EN.pdf,c9e850e651afaa45db52a2046d1170f4,2026-10-07
908_TDS_EN.pdf,Super Kote 5000® Knock Down Flat Finish 908,908,false,TDS,auto,https://media.benjaminmoore.com/WebServices/prod/assets/production/datasheets/TDS_0908/908_TDS_EN.pdf,134d1b2a871373e6493c008c72687536,2026-10-07
918_TDS_EN.pdf,Super Kote 5000® Knock Down Satin Finish 918,918,false,TDS,auto,https://media.benjaminmoore.com/WebServices/prod/assets/production/datasheets/TDS_0918/918_TDS_EN.pdf,44e65b5b26748c5e7c9879a09f62e9d1,2026-10-07
958_TDS_EN.pdf,Super Kote 5000® Latex Production Block Filler Flat 958 Line,958 Line,false,TDS,auto,https://media.benjaminmoore.com/WebServices/prod/assets/production/datasheets/TDS_958Line/958_TDS_EN.pdf,0bba9d3f6c943ea488d3f9b5ae71df2a,2026-10-07
AC01_TDS_EN.pdf,Decorative Alkyd Aerosol Gloss AC-01,AC-01,false,TDS,auto,https://media.benjaminmoore.com/WebServices/prod/assets/production/datasheets/TDS_AC01/AC01_TDS_EN.pdf,69b5348f87fe2839597852e36ee3e101,2026-10-07
AC02_TDS_EN.pdf,Decorative Alkyd Aerosol Satin AC-02,AC-02,false,TDS,auto,https://media.benjaminmoore.com/WebServices/prod/assets/production/datasheets/TDS_AC02/AC02_TDS_EN.pdf,bb9da5cabeaf6bcc0dc88cfba3d44c86,2026-10-07
AC03_TDS_EN.pdf,Decorative Alkyd Aerosol Flat AC-03,AC-03,false,TDS,auto,https://media.benjaminmoore.com/WebServices/prod/assets/production/datasheets/TDS_AC03/AC03_TDS_EN.pdf,bdb4f3bd9def2aa692eacb049a5d63c7,2026-10-07
AC04_TDS_EN.pdf,Decorative Alkyd Aerosol Primer AC-04,AC-04,false,TDS,auto,https://media.benjaminmoore.com/WebServices/prod/assets/production/datasheets/TDS_AC04/AC04_TDS_EN.pdf,5ed4fe75343c4465df4d91e79755ae42,2026-10-07
AC05_TDS_EN.pdf,Decorative Alkyd Aerosol Fluorescent AC-05,AC-05,false,TDS,auto,https://media.benjaminmoore.com/WebServices/prod/assets/production/datasheets/TDS_AC05/AC05_TDS_EN.pdf,3f66b3125b50e31b7e50ed8c28cdb73d,2026-10-07
AC06_TDS_EN.pdf,Decorative Alkyd Aerosol Lacquer AC-06,AC-06,false,TDS,auto,https://media.benjaminmoore.com/WebServices/prod/assets/production/datasheets/TDS_AC06/AC06_TDS_EN.pdf,87446f8948e9a8fdae6e238d97953cda,2026-10-07
AC07_TDS_EN.pdf,Decorative Alkyd Aerosol High Heat AC-07,AC-07,false,TDS,auto,https://media.benjaminmoore.com/WebServices/prod/assets/production/datasheets/TDS_AC07/AC07_TDS_EN.pdf,a86b0e3468be2d0f3438b358d98663f0,2026-10-07
AC08_TDS_EN.pdf,Decorative Alkyd Aerosol Metallic AC-08,AC-08,false,TDS,auto,https://media.benjaminmoore.com/WebServices/prod/assets/production/datasheets/TDS_AC08/AC08_TDS_EN.pdf,607a7f97a49436a6b83d1ce29791d1b5,2026-10-07
AC09_TDS_EN.pdf,Decorative Alkyd Aerosol Epoxy Appliance AC-09,AC-09,false,TDS,auto,https://media.benjaminmoore.com/WebServices/prod/assets/production/datasheets/TDS_AC09/AC09_TDS_EN.pdf,4a60d3135ca2a02a859c839900eda5a7,2026-10-07
AC10_TDS_EN.pdf,Rust Preventative Alkyd Aerosol Primer AC-10,AC-10,false,TDS,auto,https://media.benjaminmoore.com/WebServices/prod/assets/production/datasheets/TDS_AC10/AC10_TDS_EN.pdf,cd7c14f04f7d7ddbab2e37a4762ea03f,2026-10-07
AC11_TDS_EN.pdf,Rust Preventative Alkyd Aerosol Gloss AC-11,AC-11,false,TDS,auto,https://media.benjaminmoore.com/WebServices/prod/assets/production/datasheets/TDS_AC11/AC11_TDS_EN.pdf,587264e13745bc3dddcef6dc5d9f0f14,2026-10-07
AC12_TDS_EN.pdf,Rust Preventative Alkyd Aerosol Satin AC-12,AC-12,false,TDS,auto,https://media.benjaminmoore.com/WebServices/prod/assets/production/datasheets/TDS_AC12/AC12_TDS_EN.pdf,4c85b6eba0c2d8af5f3788495329871b,2026-10-07
AC13_TDS_EN.pdf,Rust Preventative Alkyd Aerosol Flat AC-13,AC-13,false,TDS,auto,https://media.benjaminmoore.com/WebServices/prod/assets/production/datasheets/TDS_AC13/AC13_TDS_EN.pdf,6b917fa97aea3d5895948c687949e6ad,2026-10-07
AC14_TDS_EN.pdf,Rust Preventative Alkyd Aerosol Safety Colors AC-14,AC-14,false,TDS,auto,https://media.benjaminmoore.com/WebServices/prod/assets/production/datasheets/TDS_AC14/AC14_TDS_EN.pdf,3a578621e55741f4dedac3dddd0cb8f0,2026-10-07
AMW-1000_TDS_EN.pdf,Waterblock® Acrylic Masonry Flat Waterproofer AMW-1000,AMW-1000,false,TDS,auto,https://media.benjaminmoore.com/WebServices/prod/assets/production/datasheets/TDS_MW-1000/AMW-1000_TDS_EN.pdf,0b8f1233091a7bbd470af32eb1c347c1,2026-10-07
AP-1000_TDS_EN.pdf,Prime All™ Multi-Surface Latex Primer Sealer AP-1000,AP-1000,false,TDS,auto,https://media.benjaminmoore.com/WebServices/prod/assets/production/datasheets/TDS_AP-1000/AP-1000_TDS_EN.pdf,36753c4288f9fc136ff89cab5355abaa,2026-10-07
AQ-0XXX_TDS_EN.pdf,Aqua Lock® Plus 100% Acrylic Primer Sealer AQ-0XXX,AQ-0XXX,false,TDS,auto,https://media.benjaminmoore.com/WebServices/prod/assets/production/datasheets/TDS_AQ-0XXX/AQ-0XXX_TDS_EN.pdf,fcab50d20c952f9bfe83febc8b7d6de8,2026-10-07
B0-5500_TDS_EN.pdf,Athletic Field Marking Paste (Concentrated) Flat B0-5500,B0-5500,false,TDS,auto,https://media.benjaminmoore.com/WebServices/prod/assets/production/datasheets/TDS_B0-5500/B0-5500_TDS_EN.pdf,ffa1e95bac0ea5190c5b7485d7e79e39,2026-10-07
BP-1100_TDS_EN.pdf,High Build Peel Bonding Primer BP-1100,BP-1100,false,TDS,auto,https://media.benjaminmoore.com/WebServices/prod/assets/production/datasheets/TDS_BP-1100/BP-1100_TDS_EN.pdf,8fd703c2f1e3fa90c7f16647d8cdac5e,2026-10-07
C085_TDS_US.pdf,Fresh Start® All-Purpose Primer C085,C085,true,TDS,auto,https://media.benjaminmoore.com/WebServices/prod/assets/production/datasheets/Discontinued/TDS_C085/C085_TDS_US.pdf,9fefa4b82b70c92d6f35aaf6ad83bad9,2026-10-07
C094_TDS_US.pdf,Fresh Start® Deck & Siding Primer C094,C094,false,TDS,auto,https://media.benjaminmoore.com/WebServices/prod/assets/production/datasheets/TDS_0094/C094_TDS_US.pdf,2b1b8ec14fdb084b2b861ffd303fac84,2026-10-07
C235_TDS_US.pdf,Satin Impervo® Alkyd Low Lustre Enamel C235,C235,false,TDS,auto,https://media.benjaminmoore.com/WebServices/prod/assets/production/datasheets/TDS_0235/C235_TDS_US.pdf,837a120e507fff26cb5cce37d8650202,2026-10-07
C271_TDS_US.pdf,Super Spec® Alkyd Semi-Gloss Finish C271,C271,false,TDS,auto,https://media.benjaminmoore.com/WebServices/prod/assets/production/datasheets/TDS_0271/C271_TDS_US.pdf,7d564b8619f5c12ba83932e6033c416f,2026-10-07
C286_TDS_US.pdf,Super Hide® Latex Eggshell Enamel C286,C286,true,TDS,auto,https://media.benjaminmoore.com/WebServices/prod/assets/production/datasheets/Discontinued/TDS_0286/C286_TDS_US.pdf,84110ea4dde1f30f33b3be4e3dd58734,2026-10-07
C34_line_TDS_EN.pdf,Tough Walls Acrylic Paint & Primer Enamel Eggshell Finish 34 Line,34 Line,true,TDS,auto,https://media.benjaminmoore.com/WebServices/prod/assets/production/datasheets/Discontinued/TDS_34Line/C34_line_TDS_EN.pdf,372581bd8639b03c14259fbb17fd0fc6,2026-10-07
C591_TDS_US.pdf,Woodluxe® Oil-Based Waterproofing Stain + Sealer Translucent C591,C591,false,TDS,auto,https://media.benjaminmoore.com/WebServices/prod/assets/production/datasheets/TDS_0591/C591_TDS_US.pdf,9e87f884a54e18d40659d099651bc7e7,2026-10-07
C592_TDS_US.pdf,Woodluxe® Oil-Based Waterproofing Stain + Sealer Semi-Transparent C592,C592,false,TDS,auto,https://media.benjaminmoore.com/WebServices/prod/assets/production/datasheets/TDS_0592/C592_TDS_US.pdf,13de0c6b8802c813be67a38fc90bc645,2026-10-07
C593_TDS_US.pdf,Woodluxe® Oil-Based Waterproofing Stain + Sealer Semi-Solid C593,C593,false,TDS,auto,https://media.benjaminmoore.com/WebServices/prod/assets/production/datasheets/TDS_0593/C593_TDS_US.pdf,546532f7217211f1f83e965dd2d76a95,2026-10-07
CAL-306_TDS.pdf,Calcimine Recoater CAL-3060,CAL-3060,false,TDS,auto,https://media.benjaminmoore.com/WebServices/prod/assets/production/datasheets/TDS_CAL-306/CAL-306_TDS.pdf,58317fd9123ae1155f5b4a563636e22f,2026-10-07
CC-65XX_TDS_US.pdf,Cabinet Coat Trim & Cabinet Enamel Satin Finish CC-65XX,CC-65XX,false,TDS,auto,https://media.benjaminmoore.com/WebServices/prod/assets/production/datasheets/TDS_CC-65XX/CC-65XX_TDS_US.pdf,808a0d4d2a8c894a242135b6e5a6528b,2026-10-07
CC-66XX_TDS_US.pdf,Cabinet Coat Trim & Cabinet Enamel Semi-Gloss Finish CC-66XX,CC-66XX,false,TDS,auto,https://media.benjaminmoore.com/WebServices/prod/assets/production/datasheets/TDS_CC-66XX/CC-66XX_TDS_US.pdf,4646b62a1271a30fab811485ca0b2b76,2026-10-07
CCST-2XXX_TDS_EN.pdf,Tuffcrete® WB Acrylic Waterproofing Concrete Stain Satin Finish CCST-2XXX,CCST-2XXX,false,TDS,auto,https://media.benjaminmoore.com/WebServices/prod/assets/production/datasheets/TDS_CST-2XXX/CCST-2XXX_TDS_EN.pdf,12a490af9722a55ef92a91ceff4ec5a4,2026-10-07
CG-3XXX_TDS_US.pdf,GarageGuard® 1-Part Concrete & Garage Floor Paint Satin CG-3XXX,CG-3XXX,false,TDS,auto,https://media.benjaminmoore.com/WebServices/prod/assets/production/datasheets/TDS_CG-3XXX/CG-3XXX_TDS_US.pdf,b51ad38a7aa4ffeefcc23cca834031fb,2026-10-07
CHK-3078_TDS_EN.pdf,INSL-X® Chalkboard Paint CHK-3078,CHK-3078,false,TDS,auto,https://media.benjaminmoore.com/WebServices/prod/assets/production/datasheets/TDS_CHK-3078/CHK-3078_TDS_EN.pdf,08e2edbb965ec5c46da60b4e9c075fce,2026-10-07
CHP1320_TDS_US.pdf,High Performance Universal Metal Primer CHP1320,CHP1320,false,TDS,auto,https://media.benjaminmoore.com/WebServices/prod/assets/production/datasheets/TDS_HP1320/CHP1320_TDS_US.pdf,c6f2717352475a9c0b1ecaa188de5cdf,2026-10-07
CHP1420_TDS_US.pdf,High Performance Shop Primer CHP1420,CHP1420,false,TDS,auto,https://media.benjaminmoore.com/WebServices/prod/assets/production/datasheets/TDS_HP1420/CHP1420_TDS_US.pdf,a9aa9fded089afeeb5c31104bb8b0939,2026-10-07
CHP2200.78_TDS_US.pdf,High Performance Alkyd Urethane Enamel Gloss Aluminum CHP2200.78,CHP2200.78,false,TDS,auto,https://media.benjaminmoore.com/WebServices/prod/assets/production/datasheets/TDS_HP2200/CHP2200.78_TDS_US.pdf,6d97bb37b3f1cdc396b557183f9e2ad3,2026-10-07
CHP2200_TDS_US.pdf,High Performance Alkyd Urethane Enamel Gloss CHP2200,CHP2200,false,TDS,auto,https://media.benjaminmoore.com/WebServices/prod/assets/production/datasheets/TDS_HP2200/CHP2200_TDS_US.pdf,34b8b59e617140a150e2e213461a7f79,2026-10-07
CHP2210_TDS_US.pdf,High Performance Alkyd Urethane Enamel Semi-Gloss CHP2210,CHP2210,false,TDS,auto,https://media.benjaminmoore.com/WebServices/prod/assets/production/datasheets/TDS_HP2210/CHP2210_TDS_US.pdf,6e5fc85c27c0afb0e3aec2666088960f,2026-10-07
CHP2300_TDS_US.pdf,High Performance Quick Dry Alkyd Enamel Gloss CHP2300,CHP2300,false,TDS,auto,https://media.benjaminmoore.com/WebServices/prod/assets/production/datasheets/TDS_HP2300/CHP2300_TDS_US.pdf,7c2d44e12fc9e1480676b5af64c664a8,2026-10-07
CHP4000_TDS_US.pdf,HP Polyamide Epoxy CHP4000,CHP4000,false,TDS,auto,https://media.benjaminmoore.com/WebServices/prod/assets/production/datasheets/TDS_HP4000/CHP4000_TDS_US.pdf,2e3d6f124de4e2451c5b9b8391b6f95b,2026-10-07
CL-0100_TDS_EN.pdf,Heavy Duty Degreaser CL-0100,CL-0100,false,TDS,auto,https://media.benjaminmoore.com/WebServices/prod/assets/production/datasheets/TDS_CL-0100/CL-0100_TDS_EN.pdf,5bbc436545b084b872c6000b33da1fdb,2026-10-07
CL-0200_TDS_EN.pdf,All-Purpose Citrus Cleaner CL-0200,CL-0200,false,TDS,auto,https://media.benjaminmoore.com/WebServices/prod/assets/production/datasheets/TDS_CL-0200/CL-0200_TDS_EN.pdf,26016d47c8cc4535eca7be3cb1a8fffe,2026-10-07
CL-0300_TDS_EN.pdf,Concrete Etch CL-0300,CL-0300,false,TDS,auto,https://media.benjaminmoore.com/WebServices/prod/assets/production/datasheets/TDS_CL-0300/CL-0300_TDS_EN.pdf,a30830a5ccbf7a600b4e1a3e6cc07726,2026-10-07
Corotech_V210_TDS_US.pdf,Corotech® Water Reducible Alkyd Enamel V210,V210,false,TDS,auto,https://media.benjaminmoore.com/WebServices/prod/assets/production/datasheets/TDS_V210/Corotech_V210_TDS_US.pdf,550253a76dabc7bbdf1af1b006f3cf6f,2026-10-07
CP06_TDS_US.pdf,Super Spec HP® Alkyd Metal Primer CP06,CP06,false,TDS,auto,https://media.benjaminmoore.com/WebServices/prod/assets/production/datasheets/TDS_0P06/CP06_TDS_US.pdf,4288553a0c13a3c2218833f40f1cd9a4,2026-10-07
CP22_TDS_US.pdf,Super Spec HP® Urethane Alkyd Gloss Enamel CP22,CP22,false,TDS,auto,https://media.benjaminmoore.com/WebServices/prod/assets/production/datasheets/TDS_0P22/CP22_TDS_US.pdf,3a8e7d19ac6c48e4556e281ca01c9e60,2026-10-07
CPS-8000_TDS_EN.pdf,Prime Lock Plus Alkyd Primer/Sealer Primer CPS-8000,CPS-8000,false,TDS,auto,https://media.benjaminmoore.com/WebServices/prod/assets/production/datasheets/TDS_PS-8000/CPS-8000_TDS_EN.pdf,91153cf09852b88d4524309d1b7d0ccb,2026-10-07
CR-26XX_TDS_EN.pdf,Chlorinated Rubber Swimming Pool Paint Semi-Gloss Finish CR-26XX,CR-26XX,false,TDS,auto,https://media.benjaminmoore.com/WebServices/prod/assets/production/datasheets/TDS_CR26XX/CR-26XX_TDS_EN.pdf,0edeb9633b4c34c9aa78eea3a2802706,2026-10-07
CR13_TDS_US.pdf,Rust-A-Void™ Alkyd Polyurethane Semi-Gloss Enamel CR13,CR13,false,TDS,auto,https://media.benjaminmoore.com/WebServices/prod/assets/production/datasheets/TDS_R13/CR13_TDS_US.pdf,addde41bb2f211677ff4d2dc7c013683,2026-10-07
CR31_TDS_US.pdf,Rust-A-Void™ Alkyd Polyurethane Gloss Enamel CR31,CR31,false,TDS,auto,https://media.benjaminmoore.com/WebServices/prod/assets/production/datasheets/TDS_R31/CR31_TDS_US.pdf,b2772f54c8e965cbb363083488ccc6cb,2026-10-07
CST-2XXX_TDS_EN.pdf,Tuffcrete® WB Acrylic Waterproofing Concrete Stain Satin Finish CST-2XXX,CST-2XXX,false,TDS,auto,https://media.benjaminmoore.com/WebServices/prod/assets/production/datasheets/TDS_CST-2XXX/CST-2XXX_TDS_EN.pdf,e5e9143f0b2c8303fbd445fb25df2de3,2026-10-07
CST-5XXX_TDS_EN.pdf,Tuffcrete®Solvent Acrylic Waterproofing Concrete Stain Low Sheen Finish CST-5XXX,CST-5XXX,false,TDS,auto,https://media.benjaminmoore.com/WebServices/prod/assets/production/datasheets/TDS_CST-5XX/CST-5XXX_TDS_EN.pdf,5a4e78fd7c7d5beaa829c4bc773b8d28,2026-10-07
CSU-0XXX_TDS_EN.pdf,Sure Step® 100% Acrylic Latex Anti-Slip Coating CSU-0XXX,CSU-0XXX,true,TDS,auto,https://media.benjaminmoore.com/WebServices/prod/assets/production/datasheets/Discontinued/TDS_SU-0XXX/CSU-0XXX_TDS_EN.pdf,e8ab03d7f5d8192aaa6dc4df0d0a277b,2026-10-07
CTS-3xxx_TDS_EN.pdf,Tough Shield® 100% Acrylic Floor And Patio Coating Satin Finish CTS-3XXX,CTS-3XXX,true,TDS,auto,https://media.benjaminmoore.com/WebServices/prod/assets/production/datasheets/Discontinued/TDS_TS3/CTS-3xxx_TDS_EN.pdf,f61187f6396c51e767992295296f32a3,2026-10-07
CV133_TDS_EN.pdf,Corotech® Alkyd Shop Coat Primer CV133,CV133,false,TDS,auto,https://media.benjaminmoore.com/WebServices/prod/assets/production/datasheets/TDS_V133/CV133_TDS_EN.pdf,e42ed16931e0258d4e33ef34ceaacc8c,2026-10-07
CV150_TDS_US.pdf,Corotech® Polyamide Epoxy Primer CV150,CV150,false,TDS,auto,https://media.benjaminmoore.com/WebServices/prod/assets/production/datasheets/TDS_V150/CV150_TDS_US.pdf,9921f5b3fb6009e84cbc2424c250f0ae,2026-10-07
CV201_TDS_EN.pdf,Corotech® Alkyd Urethane Enamel Semi-Gloss CV201,CV201,false,TDS,auto,https://media.benjaminmoore.com/WebServices/prod/assets/production/datasheets/TDS_V201/CV201_TDS_EN.pdf,92f1b5596b69b63681291e15274e1103,2026-10-07
CV230_TDS_EN.pdf,Corotech® Quick Dry Gloss Enamel CV230,CV230,false,TDS,auto,https://media.benjaminmoore.com/WebServices/prod/assets/production/datasheets/TDS_V230/CV230_TDS_EN.pdf,e16b71a04077d68916014ad631f6c937,2026-10-07
CV260_TDS_EN.pdf,Corotech® Electrostatic Semi-Gloss Enamel CV260,CV260,false,TDS,auto,https://media.benjaminmoore.com/WebServices/prod/assets/production/datasheets/TDS_CV260/CV260_TDS_EN.pdf,fb18e2d043f60216c0e1f77400cf7f0c,2026-10-07
CV390_TDS_US.pdf,Corotech® COMMANDTM Waterborne Acrylic Urethane Gloss CV390,CV390,true,TDS,auto,https://media.benjaminmoore.com/WebServices/prod/assets/production/datasheets/Discontinued/TDS_V390/CV390_TDS_US.pdf,20697dd1b7ff7023788cbefdf9431a0d,2026-10-07
CV392_TDS_US.pdf,Corotech® COMMANDTM Waterborne Acrylic Urethane Satin CV392,CV392,true,TDS,auto,https://media.benjaminmoore.com/WebServices/prod/assets/production/datasheets/Discontinued/TDS_V392/CV392_TDS_US.pdf,8b18891c3685737ff0e8510a6c995f32,2026-10-07
EC-3210_TDS_EN.pdf,Lead Block® Lead Encapsulant Coating Eggshell EC-3210,EC-3210,false,TDS,auto,https://media.benjaminmoore.com/WebServices/prod/assets/production/datasheets/TDS_EC-3210/EC-3210_TDS_EN.pdf,d8457116a66dea9288377684b7ff7679,2026-10-07
EGF-xxx_TDS_EN.pdf,Decorative Floor Flakes EGF-XXX,EGF-XXX,false,TDS,auto,https://media.benjaminmoore.com/WebServices/prod/assets/production/datasheets/TDS_EGFXXX/EGF-xxx_TDS_EN.pdf,233258c6f3c16b0f81b04aae8045379d,2026-10-07
EGG_XXXX_TDS_US.pdf,Garageguard® Water Based 2 Part Epoxy Semi Gloss EGG-XXX,EGG-XXX,false,TDS,auto,https://media.benjaminmoore.com/WebServices/prod/assets/production/datasheets/TDS_EGG-XXXX/EGG_XXXX_TDS_US.pdf,21608c5432be9079738027d1937ef0eb,2026-10-07
FK13xx_TDS_EN.pdf,Freezer-Kote Interior Enamel High-Gloss FK-13XX,FK-13XX,false,TDS,auto,https://media.benjaminmoore.com/WebServices/prod/assets/production/datasheets/TDS_FK-13/FK13xx_TDS_EN.pdf,4802dd3eede4dd6cc53eceddb76cbc19,2026-10-07
FM_65xx_TDS_EN.pdf,Latex Field Marking Paint FM-65XX,FM-65XX,false,TDS,auto,https://media.benjaminmoore.com/WebServices/prod/assets/production/datasheets/TDS_FM-65/FM_65xx_TDS_EN.pdf,be12e6adf804e1eea537dcb5f8a94c05,2026-10-07
FR-110_TDS_EN.pdf,Fire Retardant Paint Latex Intumescent Coating Flat Finish FR-110,FR-110,false,TDS,auto,https://media.benjaminmoore.com/WebServices/prod/assets/production/datasheets/TDS_LFR-110/FR-110_TDS_EN.pdf,15085bb708d2bb9ab1be6582112cb2be,2026-10-07
FR-210_TDS_EN.pdf,Fire Retardant Paint Latex Intumescent Coating Flat Finish FR-210,FR-210,false,TDS,auto,https://media.benjaminmoore.com/WebServices/prod/assets/production/datasheets/TDS_FR-2100/FR-210_TDS_EN.pdf,7907fcf8e3a84454284f14f4a5c40c7a,2026-10-07
HB-2100_TDS_US.pdf,INSL-X® High Build Latex Primer HB-2100,HB-2100,false,TDS,auto,https://media.benjaminmoore.com/WebServices/prod/assets/production/datasheets/TDS_HB-2100/HB-2100_TDS_US.pdf,98765b4028fed346054babeeb9d304a9,2026-10-07
HP04_TDS_US.pdf,Ultra Spec® HP Acrylic Metal Primer HP04,HP04,false,TDS,auto,https://media.benjaminmoore.com/WebServices/prod/assets/production/datasheets/TDS_HP04/HP04_TDS_US.pdf,3dca462aa2b52837c2e069722e5ce25a,2026-10-07
HP1100-01_TDS_US.pdf,High Performance Acrylic Metal Primer - White HP1100.01,HP1100.01,false,TDS,auto,https://media.benjaminmoore.com/WebServices/prod/assets/production/datasheets/TDS_HP1100/HP1100-01_TDS_US.pdf,4ce3e08876e25ec970d4eab9b292dbda,2026-10-07
HP1100-20_TDS_US.pdf,High Performance Acrylic Metal Primer - Red HP1100.20,HP1100.20,false,TDS,auto,https://media.benjaminmoore.com/WebServices/prod/assets/production/datasheets/TDS_HP1100/HP1100-20_TDS_US.pdf,320b6e3aac88daa27c70ae5c6f88b24b,2026-10-07
HP1270_TDS_US.pdf,High Performance Acrylic Sealer/Finish HP1270,HP1270,false,TDS,auto,https://media.benjaminmoore.com/WebServices/prod/assets/production/datasheets/TDS_HP1270/HP1270_TDS_US.pdf,c8b4cebb77c819d74fcb5e9414e20ae1,2026-10-07
HP1320_TDS_US.pdf,High Performance Universal Metal Primer HP1320,HP1320,false,TDS,auto,https://media.benjaminmoore.com/WebServices/prod/assets/production/datasheets/TDS_HP1320/HP1320_TDS_US.pdf,23714dec097aaa698531fbcfa19d1b78,2026-10-07
HP1420_TDS_US.pdf,High Performance Shop Primer HP1420,HP1420,false,TDS,auto,https://media.benjaminmoore.com/WebServices/prod/assets/production/datasheets/TDS_HP1420/HP1420_TDS_US.pdf,72e10ba4c96dd03d23dcfb99264ecb01,2026-10-07
HP1550_TDS_US.pdf,High Performance Concrete and Metal Epoxy Primer HP1550,HP1550,false,TDS,auto,https://media.benjaminmoore.com/WebServices/prod/assets/production/datasheets/TDS_HP1550/HP1550_TDS_US.pdf,b5e2164bb452b6116eb667a593124873,2026-10-07
HP1560_TDS_US.pdf,High Performance Quick Set Epoxy Floor Sealer HP1560,HP1560,false,TDS,auto,https://media.benjaminmoore.com/WebServices/prod/assets/production/datasheets/TDS_HP1560/HP1560_TDS_US.pdf,784b8e3d9918acac51847d95740b3af0,2026-10-07
HP1750_TDS_US.pdf,High Performance Waterborne Bonding Primer HP1750,HP1750,false,TDS,auto,https://media.benjaminmoore.com/WebServices/prod/assets/production/datasheets/TDS_HP1750/HP1750_TDS_US.pdf,ae47333057e26816d524d6eac20ed253,2026-10-07
HP2100_TDS_US.pdf,High Performance Water Reducible Alkyd HP2100,HP2100,false,TDS,auto,https://media.benjaminmoore.com/WebServices/prod/assets/production/datasheets/TDS_HP2100/HP2100_TDS_US.pdf,2adad8910d134b6f65a24e58eae48c95,2026-10-07
HP2200.78_TDS_US.pdf,High Performance Alkyd Urethane Enamel Gloss Aluminum HP2200.78,HP2200.78,false,TDS,auto,https://media.benjaminmoore.com/WebServices/prod/assets/production/datasheets/TDS_HP2200/HP2200.78_TDS_US.pdf,3febf1176ee3fcd88bef147629771af2,2026-10-07
HP2200_TDS_US.pdf,High Performance Alkyd Urethane Enamel Gloss HP2200,HP2200,false,TDS,auto,https://media.benjaminmoore.com/WebServices/prod/assets/production/datasheets/TDS_HP2200/HP2200_TDS_US.pdf,f4b0895c91dcc9ef67f09f018b2d414d,2026-10-07
HP2210_TDS_US.pdf,High Performance Alkyd Urethane Enamel Semi-Gloss HP2210,HP2210,false,TDS,auto,https://media.benjaminmoore.com/WebServices/prod/assets/production/datasheets/TDS_HP2210/HP2210_TDS_US.pdf,d334b898287384364411440767487209,2026-10-07
HP2220_TDS_US.pdf,High Performance Alkyd Urethane Enamel Satin HP2220,HP2220,false,TDS,auto,https://media.benjaminmoore.com/WebServices/prod/assets/production/datasheets/TDS_HP2220/HP2220_TDS_US.pdf,78f52c7de7194220b2af27f66dcaa467,2026-10-07
HP2300_TDS_US.pdf,High Performance Quick Dry Alkyd Enamel Gloss HP2300,HP2300,false,TDS,auto,https://media.benjaminmoore.com/WebServices/prod/assets/production/datasheets/TDS_HP2300/HP2300_TDS_US.pdf,4c883eed056f487e13b56f2b51066f95,2026-10-07
HP2400_TDS_US.pdf,High Performance Rapid Dry Alkyd Enamel HP2400,HP2400,false,TDS,auto,https://media.benjaminmoore.com/WebServices/prod/assets/production/datasheets/TDS_HP2400/HP2400_TDS_US.pdf,89be61cbfd837ee8729449fd4b0720cd,2026-10-07
HP25_TDS_US.pdf,Ultra Spec HP® D.T.M. Acrylic Low Lustre Enamel HP25,HP25,false,TDS,auto,https://media.benjaminmoore.com/WebServices/prod/assets/production/datasheets/TDS_HP25/HP25_TDS_US.pdf,a4597bdd35547e134fc15ae4fc0c84a9,2026-10-07
HP2640_TDS_US.pdf,High Performance Silicone High Heat Coating HP2640,HP2640,false,TDS,auto,https://media.benjaminmoore.com/WebServices/prod/assets/production/datasheets/TDS_HP2640/HP2640_TDS_US.pdf,586360f28bb9e6819d835df471a3fab5,2026-10-07
HP28_TDS_US.pdf,Ultra Spec HP® D.T.M. Acrylic Gloss Enamel HP28,HP28,false,TDS,auto,https://media.benjaminmoore.com/WebServices/prod/assets/production/datasheets/TDS_HP28/HP28_TDS_US.pdf,72a9821461b7746a543561d059092783,2026-10-07
HP29_TDS_US.pdf,Ultra Spec HP® D.T.M. Acrylic Semi-Gloss Enamel HP29,HP29,false,TDS,auto,https://media.benjaminmoore.com/WebServices/prod/assets/production/datasheets/TDS_HP29/HP29_TDS_US.pdf,5f6ae985936497eb91d73bc01cfd2f07,2026-10-07
HP3000_TDS_US.pdf,High Performance Quick Dry Acrylic Spray DTM HP3000,HP3000,false,TDS,auto,https://media.benjaminmoore.com/WebServices/prod/assets/production/datasheets/TDS_HP3000/HP3000_TDS_US.pdf,78e93ec67c827ea8ef1781ee3bd2af3f,2026-10-07
HP3300_TDS_US.pdf,High Performance DTM Acrylic Enamel Gloss HP3300,HP3300,false,TDS,auto,https://media.benjaminmoore.com/WebServices/prod/assets/production/datasheets/TDS_HP3300/HP3300_TDS_US.pdf,eb35ab711cfb47e515e3078bf008c2af,2026-10-07
HP3310_TDS_US.pdf,High Performance DTM Acrylic Enamel Semi-Gloss HP3310,HP3310,false,TDS,auto,https://media.benjaminmoore.com/WebServices/prod/assets/production/datasheets/TDS_HP3310/HP3310_TDS_US.pdf,8acd000e803049bdc15fa40c33c4cb72,2026-10-07
HP3320_TDS_US.pdf,High Performance DTM Acrylic Enamel Satin HP3320,HP3320,false,TDS,auto,https://media.benjaminmoore.com/WebServices/prod/assets/production/datasheets/TDS_HP3320/HP3320_TDS_US.pdf,146ff2c55bb3ca635292545773d65ee4,2026-10-07
HP3410_TDS_US.pdf,High Performance Pre-Catalyzed WB Epoxy Semi-Gloss HP3410,HP3410,false,TDS,auto,https://media.benjaminmoore.com/WebServices/prod/assets/production/datasheets/TDS_HP3410/HP3410_TDS_US.pdf,7caf2c7bf21ee198ff59cd06954c9c7a,2026-10-07
HP3420_TDS_US.pdf,High Performance Pre-Catalyzed WB Epoxy Eggshell HP3420,HP3420,false,TDS,auto,https://media.benjaminmoore.com/WebServices/prod/assets/production/datasheets/TDS_HP3420/HP3420_TDS_US.pdf,cc3fb121485c918f1aa9dd36b9015c01,2026-10-07
HP3900_TDS_US.pdf,High Performance COMMAND® Waterborne Acrylic Urethane Gloss HP3900,HP3900,false,TDS,auto,https://media.benjaminmoore.com/WebServices/prod/assets/production/datasheets/TDS_HP3900/HP3900_TDS_US.pdf,4a7a76ee600307d4574995dcaac8ad42,2026-10-07
HP3920_TDS_US.pdf,High Performance COMMAND® Waterborne Acrylic Urethane Satin HP3920,HP3920,false,TDS,auto,https://media.benjaminmoore.com/WebServices/prod/assets/production/datasheets/TDS_HP3920/HP3920_TDS_US.pdf,764a2bc36286ee5d853d72bb3175a5a3,2026-10-07
HP4000_TDS_US.pdf,HP Polyamide Epoxy HP4000,HP4000,false,TDS,auto,https://media.benjaminmoore.com/WebServices/prod/assets/production/datasheets/TDS_HP4000/HP4000_TDS_US.pdf,5f467e3fc9918742e538473cb9a7d64a,2026-10-07
HP4100_TDS_US.pdf,High Performance Fast-Cure Polyamide Epoxy Satin HP4100,HP4100,false,TDS,auto,https://media.benjaminmoore.com/WebServices/prod/assets/production/datasheets/TDS_HP4100/HP4100_TDS_US.pdf,98c0161efa304448e3b46bb9f8102162,2026-10-07
HP4300_TDS_US.pdf,High Performance 100% Solids Epoxy HP4300,HP4300,false,TDS,auto,https://media.benjaminmoore.com/WebServices/prod/assets/production/datasheets/TDS_HP4300/HP4300_TDS_US.pdf,fbf09d6ece2401b7515a368a959398a2,2026-10-07
HP4400_TDS_US.pdf,High Performance Waterborne Epoxy Gloss HP4400,HP4400,false,TDS,auto,https://media.benjaminmoore.com/WebServices/prod/assets/production/datasheets/TDS_HP4400/HP4400_TDS_US.pdf,087ea0c154a000d0c0a49e3f075cbee0,2026-10-07
HP4420_TDS_US.pdf,High Performance Waterborne Epoxy Satin HP4420,HP4420,false,TDS,auto,https://media.benjaminmoore.com/WebServices/prod/assets/production/datasheets/TDS_HP4420/HP4420_TDS_US.pdf,6cf2aac79a0dee79da45ac4fd05f6685,2026-10-07
HP4600_TDS_US.pdf,HP Epoxy Mastic HP4600,HP4600,false,TDS,auto,https://media.benjaminmoore.com/WebServices/prod/assets/production/datasheets/TDS_HP4600/HP4600_TDS_US.pdf,be0175eae59f6cecc6f61eb38572ef7d,2026-10-07
HP5000_TDS_US.pdf,High Performance Aliphatic Urethane Gloss HP5000,HP5000,false,TDS,auto,https://media.benjaminmoore.com/WebServices/prod/assets/production/datasheets/TDS_HP5000/HP5000_TDS_US.pdf,7be52eb2f3baa049b5b13d1876de9054,2026-10-07
HP5010_TDS_US.pdf,High Performance Aliphatic Urethane Semi-Gloss HP5010,HP5010,false,TDS,auto,https://media.benjaminmoore.com/WebServices/prod/assets/production/datasheets/TDS_HP5010/HP5010_TDS_US.pdf,5ba9987e8e22d8a186b938bfcd4fd4ea,2026-10-07
HP5200_TDS_US.pdf,High Performance Polyester Urethane HP5200,HP5200,false,TDS,auto,https://media.benjaminmoore.com/WebServices/prod/assets/production/datasheets/TDS_HP5200/HP5200_TDS_US.pdf,a79ec84ab1b7139fa3fe80d2b9fadb3b,2026-10-07
HP5430_TDS_US.pdf,High Performance Aliphatic Urethane Matte HP5430,HP5430,false,TDS,auto,https://media.benjaminmoore.com/WebServices/prod/assets/production/datasheets/TDS_HP5430/HP5430_TDS_US.pdf,e599800bb3871a69fb818402fddcb68b,2026-10-07
HP5700_TDS_US.pdf,High Performance DTM Mastic Urethane - Gloss HP5700,HP5700,false,TDS,auto,https://media.benjaminmoore.com/WebServices/prod/assets/production/datasheets/TDS_HP5700/HP5700_TDS_US.pdf,9f3467c13a49c61bb0decf2b37b60beb,2026-10-07
HP5720_TDS_US.pdf,High Performance DTM Mastic Urethane - Satin HP5720,HP5720,false,TDS,auto,https://media.benjaminmoore.com/WebServices/prod/assets/production/datasheets/TDS_HP5720/HP5720_TDS_US.pdf,d734c327486bcbde562e9c63d2cf9775,2026-10-07
HP6000_TDS_US.pdf,HP Oil & Grease Emulsifier HP6000,HP6000,false,TDS,auto,https://media.benjaminmoore.com/WebServices/prod/assets/production/datasheets/TDS_HP6000/HP6000_TDS_US.pdf,d8c058d254becec3136c28acfdf3ca6a,2026-10-07
HP6300_TDS_US.pdf,High Performance Anti-Slip Aggregate HP6300,HP6300,false,TDS,auto,https://media.benjaminmoore.com/WebServices/prod/assets/production/datasheets/TDS_HP6300/HP6300_TDS_US.pdf,d71340f63a8c4c4671babd771fa3be39,2026-10-07
HTF-XXX_TDS_EN.pdf,Hottrax® Epoxy Fortified Acrylic Concrete & Garage Floor Paint Satin Finish HTF-XXX,HTF-XXX,true,TDS,auto,https://media.benjaminmoore.com/WebServices/prod/assets/production/datasheets/Discontinued/TDS_HTF-XXX/HTF-XXX_TDS_EN.pdf,7d9b35957e0045fdd916b06116e9eeb9,2026-10-07
IG40xx_TDS_US.pdf,Epoxy Pool Coating Semi-Gloss Finish IG-40XX,IG-40XX,false,TDS,auto,https://media.benjaminmoore.com/WebServices/prod/assets/production/datasheets/TDS_IG-40XX/IG40xx_TDS_US.pdf,fcf1f446e1f0a65e78eab2d2bacdc05f,2026-10-07
IL-6800_TDS_EN.pdf,Seal Lock® Plus Interior Alcohol Based Primer Sealer IL-6800,IL-6800,false,TDS,auto,https://media.benjaminmoore.com/WebServices/prod/assets/production/datasheets/TDS_IL-6800/IL-6800_TDS_EN.pdf,19bd6bde572427132f95a49afcd02aa4,2026-10-07
N10_TDS_EN.pdf,Cryli Cote® 100% Acrylic Flat House & Trim Flat Finish N10,N10,false,TDS,auto,https://media.benjaminmoore.com/WebServices/prod/assets/production/datasheets/TDS_10Line/N10_TDS_EN.pdf,956e3e12743c60ed184a6ac072e2c20a,2026-10-07
N110-27394_TDS_EN.pdf,Super Kote 5000® Dry Fall Acrylic Latex Flat N110-27394,N110-27394,false,TDS,auto,https://media.benjaminmoore.com/WebServices/prod/assets/production/datasheets/TDS_110Line/N110-27394_TDS_EN.pdf,fdfea72539f3db8d9eecc6c0fbefb558,2026-10-07
N110_TDS_EN.pdf,Super Kote 5000® Dry Fall Acrylic Latex Flat N110 Line,N110 Line,false,TDS,auto,https://media.benjaminmoore.com/WebServices/prod/assets/production/datasheets/TDS_110Line/N110_TDS_EN.pdf,5b91c361a66f640aa035f38d8765cd3f,2026-10-07
N122_TDS_US.pdf,Latex Floor & Patio Low Sheen Enamel N122,N122,false,TDS,auto,https://media.benjaminmoore.com/WebServices/prod/assets/production/datasheets/TDS_0122/N122_TDS_US.pdf,e728de4110c17b2a4dd106fc33b730d1,2026-10-07
N16_TDS_EN.pdf,Tough Walls Acrylic Paint & Primer Flat N16,N16,false,TDS,auto,https://media.benjaminmoore.com/WebServices/prod/assets/production/datasheets/TDS_16/N16_TDS_EN.pdf,7932b691ce3d36b55bafab48feaf43fe,2026-10-07
N22_TDS_EN.pdf,Tough Walls Acrylic Paint & Primer Enamel Semi-Gloss N22,N22,false,TDS,auto,https://media.benjaminmoore.com/WebServices/prod/assets/production/datasheets/TDS_22Line/N22_TDS_EN.pdf,ad354f570814436031b8961243d751fb,2026-10-07
N295_TDS_US.pdf,Super Hide® Interior Latex - Flat N295,N295,false,TDS,auto,https://media.benjaminmoore.com/WebServices/prod/assets/production/datasheets/TDS_0295/N295_TDS_US.pdf,fb70d89de8c8ab43a0d1096b743defa1,2026-10-07
N296_TDS_US.pdf,Super Hide® Interior Latex - Low Sheen Eggshell N296,N296,false,TDS,auto,https://media.benjaminmoore.com/WebServices/prod/assets/production/datasheets/TDS_0296/N296_TDS_US.pdf,eb088bec4ebaef34baf6976e9d779101,2026-10-07
N297_TDS_US.pdf,Super Hide® Interior Latex - Eggshell N297,N297,false,TDS,auto,https://media.benjaminmoore.com/WebServices/prod/assets/production/datasheets/TDS_0297/N297_TDS_US.pdf,e170e9f160d3ebcfd1674fef6ddd6df4,2026-10-07
N298_TDS_US.pdf,Super Hide® Interior Latex - Semi-Gloss N298,N298,false,TDS,auto,https://media.benjaminmoore.com/WebServices/prod/assets/production/datasheets/TDS_0298/N298_TDS_US.pdf,dba5138147cfafe61214ddc0354e720a,2026-10-07
N2_TDS_EN.pdf,Cryli Cote® 100% Acrylic Exterior Paint Semi-Gloss N2 Line,N2 Line,false,TDS,auto,https://media.benjaminmoore.com/WebServices/prod/assets/production/datasheets/TDS_2Line/N2_TDS_EN.pdf,3b25aacd311c13ba04be28500968005b,2026-10-07
N316_TDS_US.pdf,"Restore, Wood Restorer N316",N316,true,TDS,auto,https://media.benjaminmoore.com/WebServices/prod/assets/production/datasheets/Discontinued/TDS_0316/N316_TDS_US.pdf,38a430c44bfd90146c672f9704fbe894,2026-10-07
N318_TDS_US.pdf,"Clean, Multi Purpose Cleaner N318",N318,true,TDS,auto,https://media.benjaminmoore.com/WebServices/prod/assets/production/datasheets/Discontinued/TDS_0318/N318_TDS_US.pdf,67b2c1a5081f555e694bfaa83e0dfa07,2026-10-07
N34_Tough_Walls_TDS_EN_OK.pdf,Tough Walls Acrylic Paint & Primer Enamel Eggshell N34,N34,false,TDS,auto,https://media.benjaminmoore.com/WebServices/prod/assets/production/datasheets/TDS_34Line/N34_Tough_Walls_TDS_EN_OK.pdf,c4731b240731a97249c0bf60fe573dc7,2026-10-07
N372_TDS_US.pdf,Eco Spec® WB Interior Latex Primer N372,N372,true,TDS,auto,https://media.benjaminmoore.com/WebServices/prod/assets/production/datasheets/Discontinued/TDS_0372/N372_TDS_US.pdf,3d535c14f1e63013aadf66e3c1e7e2b0,2026-10-07
N373_TDS_US.pdf,Eco Spec® WB Interior Latex Flat Finish N373,N373,true,TDS,auto,https://media.benjaminmoore.com/WebServices/prod/assets/production/datasheets/Discontinued/TDS_0373/N373_TDS_US.pdf,61666921a5b7adaddd80c994aee60302,2026-10-07
N374_TDS_US.pdf,Eco Spec® WB Interior Latex Eggshell Finish N374,N374,true,TDS,auto,https://media.benjaminmoore.com/WebServices/prod/assets/production/datasheets/Discontinued/TDS_0374/N374_TDS_US.pdf,18421e486479a3855584ea814ca16b13,2026-10-07
N376_TDS_US.pdf,Eco Spec® WB Interior Latex Semi Gloss Finish N376,N376,true,TDS,auto,https://media.benjaminmoore.com/WebServices/prod/assets/production/datasheets/Discontinued/TDS_0376/N376_TDS_US.pdf,7c92db848af0a51b63fea09ce870a21d,2026-10-07
N400_TDS_US.pdf,Regal® Select Exterior High Build Flat Finish N400,N400,false,TDS,auto,https://media.benjaminmoore.com/WebServices/prod/assets/production/datasheets/TDS_0400/N400_TDS_US.pdf,1ea740e6e2048eb22fc7847866d85692,2026-10-07
N401_TDS_US.pdf,Regal® Select Exterior High Build Low Lustre Finish N401,N401,false,TDS,auto,https://media.benjaminmoore.com/WebServices/prod/assets/production/datasheets/TDS_0401/N401_TDS_US.pdf,7d1d93de790271b5ed511cc83557fcab,2026-10-07
N403_TDS_US.pdf,Regal® Select Exterior High Build Soft Gloss Finish N403,N403,false,TDS,auto,https://media.benjaminmoore.com/WebServices/prod/assets/production/datasheets/TDS_0403/N403_TDS_US.pdf,a23352de6d11f7d375cbff6b6c9b40e8,2026-10-07
N410_TDS_EN.pdf,Cryli Cote® 100% Acrylic Exterior Paint Satin N410,N410,false,TDS,auto,https://media.benjaminmoore.com/WebServices/prod/assets/production/datasheets/TDS_410Line/N410_TDS_EN.pdf,4e8bc040fd1cdb8ba6a1fd8f181f1492,2026-10-07
N447_TDS_US.pdf,Ultra Spec® EXT Flat Finish N447,N447,false,TDS,auto,https://media.benjaminmoore.com/WebServices/prod/assets/production/datasheets/TDS_0447/N447_TDS_US.pdf,47ae27ea3c9c1159eac3fe3af8b1de88,2026-10-07
N448_TDS_US.pdf,Ultra Spec® EXT Satin Finish N448,N448,false,TDS,auto,https://media.benjaminmoore.com/WebServices/prod/assets/production/datasheets/TDS_0448/N448_TDS_US.pdf,a79c09f9b9d86e9bca3b9008a7b79a08,2026-10-07
N449_TDS_US.pdf,Ultra Spec® EXT Gloss Finish N449,N449,false,TDS,auto,https://media.benjaminmoore.com/WebServices/prod/assets/production/datasheets/TDS_0449/N449_TDS_US.pdf,6b777fc1a4dc19d93c72b60c84600fd7,2026-10-07
N455_TDS_US.pdf,Ultra Spec® Ext Low Lustre Finish N455,N455,false,TDS,auto,https://media.benjaminmoore.com/WebServices/prod/assets/production/datasheets/TDS_0455/N455_TDS_US.pdf,4bc9db16cf0c8b30c21adebc50f8f7e0,2026-10-07
N484_TDS_US.pdf,Scuff-X® Interior Matte Finish - N484,N484,false,TDS,auto,https://media.benjaminmoore.com/WebServices/prod/assets/production/datasheets/TDS_0484/N484_TDS_US.pdf,6ba722a64e9e83c14e7c3f23894105fb,2026-10-07
N485_TDS_US.pdf,Scuff-X® Interior Eggshell Finish - N485,N485,false,TDS,auto,https://media.benjaminmoore.com/WebServices/prod/assets/production/datasheets/TDS_0485/N485_TDS_US.pdf,81d7bd82b1984a3fda8e3dff7810b5ce,2026-10-07
N486_TDS_US.pdf,Scuff-X® Interior Satin Finish - N486,N486,false,TDS,auto,https://media.benjaminmoore.com/WebServices/prod/assets/production/datasheets/TDS_0486/N486_TDS_US.pdf,e9688cf2926e6c668895fdbb5095642c,2026-10-07
N487_TDS_US.pdf,Scuff-X® Interior Semi-Gloss Finish - N487,N487,false,TDS,auto,https://media.benjaminmoore.com/WebServices/prod/assets/production/datasheets/TDS_0487/N487_TDS_US.pdf,dec77a4a54b3c1717dc5c06ace12a9f9,2026-10-07
N508_TDS_US.pdf,Waterborne Ceiling Paint N508,N508,false,TDS,auto,https://media.benjaminmoore.com/WebServices/prod/assets/production/datasheets/TDS_0508/N508_TDS_US.pdf,50750ebee3c0835facfb102981a653e1,2026-10-07
N522_TDS_US_OKF.pdf,Aura® Waterborne Interior Paint & Primer Matte Finish N522,N522,false,TDS,auto,https://media.benjaminmoore.com/WebServices/prod/assets/production/datasheets/TDS_0522/N522_TDS_US_OKF.pdf,29f6ebb1ead2990b5a262dae552eb1a9,2026-10-07
N524_TDS_US_OKF.pdf,Aura® Waterborne Interior Paint & Primer Eggshell Finish N524,N524,false,TDS,auto,https://media.benjaminmoore.com/WebServices/prod/assets/production/datasheets/TDS_0524/N524_TDS_US_OKF.pdf,b7a591febc46979e7993014dfe7698b7,2026-10-07
N526_TDS_US_OKF.pdf,Aura® Waterborne Interior Paint & Primer Satin Finish N526,N526,false,TDS,auto,https://media.benjaminmoore.com/WebServices/prod/assets/production/datasheets/TDS_0526/N526_TDS_US_OKF.pdf,ab1b0aad596fe510b6a8644a1df2b249,2026-10-07
N528_TDS_US_OKF.pdf,Aura® Waterborne Interior Paint & Primer Semi Gloss Finish N528,N528,false,TDS,auto,https://media.benjaminmoore.com/WebServices/prod/assets/production/datasheets/TDS_0528/N528_TDS_US_OKF.pdf,4a8cece45c2bfa32666258b5ac6a5c9f,2026-10-07
N534_TDS_US.pdf,Ultra Spec® 500 Interior Latex Primer N534,N534,false,TDS,auto,https://media.benjaminmoore.com/WebServices/prod/assets/production/datasheets/TDS_0534/N534_TDS_US.pdf,deabacea7d67f9ef124ff0360fb91792,2026-10-07
N537_TDS_US.pdf,Ultra Spec® 500 Interior Low Sheen Finish N537,N537,true,TDS,auto,https://media.benjaminmoore.com/WebServices/prod/assets/production/datasheets/Discontinued/TDS_0537/N537_TDS_US.pdf,2a0d2d37fa244afcf2b0c0c1c759abfc,2026-10-07
N538_TDS_US.pdf,Ultra Spec® 500 Interior Eggshell Finish N538,N538,true,TDS,auto,https://media.benjaminmoore.com/WebServices/prod/assets/production/datasheets/Discontinued/TDS_0538/N538_TDS_US.pdf,1412766b43c4e49c47c2e8c43b8fcf5e,2026-10-07
N547_TDS_US.pdf,Regal® Select Premium Interior Paint & Primer Flat N547,N547,false,TDS,auto,https://media.benjaminmoore.com/WebServices/prod/assets/production/datasheets/TDS_0547/N547_TDS_US.pdf,f017f928c463a37074a2fb40c25aa46d,2026-10-07
N548_TDS_US.pdf,Regal® Select Premium Interior Paint & Primer Matte Finish N548,N548,false,TDS,auto,https://media.benjaminmoore.com/WebServices/prod/assets/production/datasheets/TDS_0548/N548_TDS_US.pdf,69a9d05bfcb7697a26cc9ba93cb0d726,2026-10-07
N549_TDS_US.pdf,Regal® Select Premium Interior Paint & Primer Eggshell Finish N549,N549,false,TDS,auto,https://media.benjaminmoore.com/WebServices/prod/assets/production/datasheets/TDS_0549/N549_TDS_US.pdf,df7dbe03e8e0c88713518295cf552151,2026-10-07
N550_TDS_US.pdf,Regal® Select Premium Interior Paint & Primer Satin/Pearl Finish N550,N550,false,TDS,auto,https://media.benjaminmoore.com/WebServices/prod/assets/production/datasheets/TDS_0550/N550_TDS_US.pdf,e18b35787bde1a2d45d29034c8c1d3e9,2026-10-07
N551 TDS US OKF.pdf,Regal® Select Premium Interior Paint & Primer Semi Gloss N551,N551,false,TDS,auto,https://media.benjaminmoore.com/WebServices/prod/assets/production/datasheets/TDS_0551/N551 TDS US OKF.pdf,d9095365e88cfacc8ab7be71e81e9cf2,2026-10-07
N609_TDS_US.pdf,Ultra Spec® Interior/Exterior Acrylic High-Build Masonry Primer N609,N609,false,TDS,auto,https://media.benjaminmoore.com/WebServices/prod/assets/production/datasheets/TDS_0609/N609_TDS_US.pdf,f89d68381c73cc745d64d509c8d7142d,2026-10-07
N60_TDS_EN.pdf,Tough Walls Acrylic Paint & Primer Enamel Satin/Pearl N60,N60,false,TDS,auto,https://media.benjaminmoore.com/WebServices/prod/assets/production/datasheets/TDS_60Line/N60_TDS_EN.pdf,da4d4f90d686ea6d185b545af9071af9,2026-10-07
N623_TDS_US.pdf,Arborcoat® Waterborne Exterior Stain Traslucent N623,N623,true,TDS,auto,https://media.benjaminmoore.com/WebServices/prod/assets/production/datasheets/Discontinued/TDS_0623/N623_TDS_US.pdf,80e904ba7e44973c9c79003ab0d75cdb,2026-10-07
N624_TDS_US.pdf,ben® Premium Interior Acrylic Paint & Primer Matte N624,N624,false,TDS,auto,https://media.benjaminmoore.com/WebServices/prod/assets/production/datasheets/TDS_0624/N624_TDS_US.pdf,c5f11f1871870eb1f7cdc872917b6dc4,2026-10-07
N626_TDS_US.pdf,ben® Premium Interior Acrylic Paint & Primer Eggshell N626,N626,false,TDS,auto,https://media.benjaminmoore.com/WebServices/prod/assets/production/datasheets/TDS_0626/N626_TDS_US.pdf,d6fc60ae68afc50e44aa2e039b8f91b7,2026-10-07
N627_TDS_US.pdf,ben® Premium Interior Acrylic Paint & Primer Semi-Gloss N627,N627,false,TDS,auto,https://media.benjaminmoore.com/WebServices/prod/assets/production/datasheets/TDS_0627/N627_TDS_US.pdf,cc43b6335abf50b60f4860f88425c461,2026-10-07
N628_TDS_US.pdf,ben® Premium Interior Acrylic Paint & Primer Satin/Pearl N628,N628,false,TDS,auto,https://media.benjaminmoore.com/WebServices/prod/assets/production/datasheets/TDS_0628/N628_TDS_US.pdf,8464bab1883ab79ee91318e09ee00e33,2026-10-07
N629_TDS_US.pdf,Aura® Waterborne Exterior Paint - Flat N629,N629,false,TDS,auto,https://media.benjaminmoore.com/WebServices/prod/assets/production/datasheets/TDS_0629/N629_TDS_US.pdf,8b95bd205f9f1531c375f1bc19c9dea8,2026-10-07
N631_TDS_US.pdf,Aura® Waterborne Exterior Paint - Satin N631,N631,false,TDS,auto,https://media.benjaminmoore.com/WebServices/prod/assets/production/datasheets/TDS_0631/N631_TDS_US.pdf,06305e45f9ffe5b512d9d7e347ca0eb0,2026-10-07
N632_TDS_US.pdf,Aura® Waterborne Exterior Paint Soft Gloss N632,N632,false,TDS,auto,https://media.benjaminmoore.com/WebServices/prod/assets/production/datasheets/TDS_0632/N632_TDS_US.pdf,f8da7a1d4c056f71dc891127c407d9cb,2026-10-07
N634_TDS_US.pdf,Aura® Waterborne Exterior Paint - Low Lustre N634,N634,false,TDS,auto,https://media.benjaminmoore.com/WebServices/prod/assets/production/datasheets/TDS_0634/N634_TDS_US.pdf,7dfd75907ff1432a35b5254a2a3f29a3,2026-10-07
N638_TDS_US.pdf,Arborcoat® Waterborne Exterior Stain Semi Transparent N638,N638,true,TDS,auto,https://media.benjaminmoore.com/WebServices/prod/assets/production/datasheets/Discontinued/TDS_0638/N638_TDS_US.pdf,f2226324178449e15be7b334da8085d0,2026-10-07
N794_TDS_US.pdf,Advance® Waterborne Interior Alkyd High-Gloss N794,N794,false,TDS,auto,https://media.benjaminmoore.com/WebServices/prod/assets/production/datasheets/TDS_0794/N794_TDS_US.pdf,40cd29bdbccb31f3a1a6f00dc1703643,2026-10-07
NSU-10XX_TDS_EN.pdf,Sure Step® 100% Acrylic Latex Anti-Slip Coating NSU-10XX,NSU-10XX,false,TDS,auto,https://media.benjaminmoore.com/WebServices/prod/assets/production/datasheets/TDS_NSU-10XX/NSU-10XX_TDS_EN.pdf,b16df38ce3f6e460fe2435f466dd01b9,2026-10-07
NTS-3XXX_TDS_US.pdf,Tough Shield® Acrylic Porch & Floor Coating Satin Finish NTS-3XXX,NTS-3XXX,false,TDS,auto,https://media.benjaminmoore.com/WebServices/prod/assets/production/datasheets/TDS_NTS-3XXX/NTS-3XXX_TDS_US.pdf,1fa2bfc59b4432fe88dd19dcabfcd113,2026-10-07
P06_TDS_US.pdf,Super Spec HP® Alkyd Metal Primer P06,P06,false,TDS,auto,https://media.benjaminmoore.com/WebServices/prod/assets/production/datasheets/TDS_0P06/P06_TDS_US.pdf,c3d3710ee17720192cc85bd71ad42aa0,2026-10-07
P22_TDS_US.pdf,Super Spec HP® Urethane Alkyd Gloss Enamel P22,P22,false,TDS,auto,https://media.benjaminmoore.com/WebServices/prod/assets/production/datasheets/TDS_0P22/P22_TDS_US.pdf,ce94a469e6abe811c8734625b9bf6bea,2026-10-07
P23_TDS_US.pdf,Super Spec HP® D.T.M. Alkyd Low Lustre P23,P23,false,TDS,auto,https://media.benjaminmoore.com/WebServices/prod/assets/production/datasheets/TDS_0P23/P23_TDS_US.pdf,f6bbbba751b02eda970de6bb87968b9c,2026-10-07
P24_TDS_US.pdf,Super Spec HP® D.T.M. Alkyd Semi-Gloss P24,P24,false,TDS,auto,https://media.benjaminmoore.com/WebServices/prod/assets/production/datasheets/TDS_0P24/P24_TDS_US.pdf,f56d6cb41cafde25595d7e33b0506ba6,2026-10-07
PC-1200_TDS_EN.pdf,Color-Changing Ceiling Paint PC-1200,PC-1200,false,TDS,auto,https://media.benjaminmoore.com/WebServices/prod/assets/production/datasheets/TDS_PC1200/PC-1200_TDS_EN.pdf,a791ef034a4ca1595f4b6b83b4d3a5d0,2026-10-07
PS-8100_TDS_US.pdf,Prime Lock Plus Alkyd Primer/Sealer PS-8100,PS-8100,false,TDS,auto,https://media.benjaminmoore.com/WebServices/prod/assets/production/datasheets/TDS_PS-8100/PS-8100_TDS_US.pdf,966efa96508d011318c3eea85f7bc482,2026-10-07
R13_TDS_US.pdf,Rust-A-Void™ Alkyd Polyurethane Semi-Gloss Enamel R13,R13,false,TDS,auto,https://media.benjaminmoore.com/WebServices/prod/assets/production/datasheets/TDS_R13/R13_TDS_US.pdf,d7c75887f29c38d57fce06a9187073a3,2026-10-07
R31_TDS_US.pdf,Rust-A-Void™ Alkyd Polyurethane Gloss Enamel R31,R31,false,TDS,auto,https://media.benjaminmoore.com/WebServices/prod/assets/production/datasheets/TDS_R31/R31_TDS_US.pdf,7ab6cc533a57d94d47f55457f74341fa,2026-10-07
R651_TDS_US.pdf,Rust-A-Void™ Alkyd Polyurethane Satin Enamel R651,R651,false,TDS,auto,https://media.benjaminmoore.com/WebServices/prod/assets/production/datasheets/TDS_R651/R651_TDS_US.pdf,22b2cb0bb0ff327705c035ebd3ee4823,2026-10-07
RO-3000_TDS_EN.pdf,INSL-X Reduced Odor Oil-Based Primer – RO-3000,RO-3000,false,TDS,auto,https://media.benjaminmoore.com/WebServices/prod/assets/production/datasheets/TDS_RO3000/RO-3000_TDS_EN.pdf,920c2ac9cfe9e6ae5f25cdc4a9353f5a,2026-10-07
RP-27XX_TDS_EN.pdf,Rubber Based Pool Paint Satin Finish RP-27XX,RP-27XX,false,TDS,auto,https://media.benjaminmoore.com/WebServices/prod/assets/production/datasheets/TDS_RP-27XX/RP-27XX_TDS_EN.pdf,2d8c08047802e7b1c82f681a74318d3c,2026-10-07
SB-5000_TDS_US.pdf,Max Block™ Water-Based Stain Blocking Primer SB-5000,SB-5000,false,TDS,auto,https://media.benjaminmoore.com/WebServices/prod/assets/production/datasheets/TDS_SB-5000/SB-5000_TDS_US.pdf,96c1916aa4d76731063e8b7d1a67dfd3,2026-10-07
SU-0XXX_TDS_EN.pdf,Sure Step® 100% Acrylic Latex Anti-Slip Coating SU-0XXX,SU-0XXX,true,TDS,auto,https://media.benjaminmoore.com/WebServices/prod/assets/production/datasheets/Discontinued/TDS_SU-0XXX/SU-0XXX_TDS_EN.pdf,07e397759428541675331e80415c6b8f,2026-10-07
SXA110_TDS_EN.pdf,Stix® Waterborne Bonding Primer SXA-110,SXA-110,false,TDS,auto,https://media.benjaminmoore.com/WebServices/prod/assets/production/datasheets/TDS_SXA-110/SXA110_TDS_EN.pdf,947b94b36f9b347b5cad40bfdc9c8a6d,2026-10-07
T535_TDS_US.pdf,Ultra Spec® 500 Interior Flat Finish T535,T535,false,TDS,auto,https://media.benjaminmoore.com/WebServices/prod/assets/production/datasheets/TDS_0535/T535_TDS_US.pdf,27ebf76ca5019482068e45fe6bfe5da4,2026-10-07
T537_TDS_US.pdf,Ultra Spec® 500 Interior Low Sheen Eggshell T537,T537,false,TDS,auto,https://media.benjaminmoore.com/WebServices/prod/assets/production/datasheets/TDS_0537/T537_TDS_US.pdf,914588b0c5231b956fba279e220f94f9,2026-10-07
T538_TDS_US.pdf,Ultra Spec® 500 Interior Eggshell Finish T538,T538,false,TDS,auto,https://media.benjaminmoore.com/WebServices/prod/assets/production/datasheets/TDS_0538/T538_TDS_US.pdf,0e08536b8c9dae6e071dc3122c7ea6ac,2026-10-07
T545_TDS_US.pdf,Ultra Spec® 500 Interior Satin/Pearl Finish T545,T545,false,TDS,auto,https://media.benjaminmoore.com/WebServices/prod/assets/production/datasheets/TDS_0545/T545_TDS_US.pdf,1bdfd0f50aa081d146a66336566ed090,2026-10-07
T546_TDS_US.pdf,Ultra Spec® 500 Interior Semi-Gloss Finish T546,T546,false,TDS,auto,https://media.benjaminmoore.com/WebServices/prod/assets/production/datasheets/TDS_0546/T546_TDS_US.pdf,b47e558106019ba8dd0180b2614175eb,2026-10-07
TB-2100_TDS_EN.pdf,Blockout® 100% Acrylic Exterior Primer TB-2100,TB-2100,true,TDS,auto,https://media.benjaminmoore.com/WebServices/prod/assets/production/datasheets/Discontinued/TDS_TB-2100/TB-2100_TDS_EN.pdf,e4d8cae9ae754e762c0e9d700a8e1223,2026-10-07
TP-22XX_TDS_EN.pdf,Latex Traffic Paint TP-22XX,TP-22XX,false,TDS,auto,https://media.benjaminmoore.com/WebServices/prod/assets/production/datasheets/TDS_TP-22XX/TP-22XX_TDS_EN.pdf,f66da3c344aedc1dfc9aa747d7f80897,2026-10-07
TP-32XX_TDS_EN.pdf,Latex Traffic Paint TP-32XX,TP-32XX,false,TDS,auto,https://media.benjaminmoore.com/WebServices/prod/assets/production/datasheets/TDS_TP-32XX/TP-32XX_TDS_EN.pdf,4a2ebdc4b6aa16f236229914b35b616d,2026-10-07
TP-3380_TP-2310_TDS_EN.pdf,"Acrylic Fast-Set Traffic Paint TP-3380, TP-2310","TP-3380, TP-2310",false,TDS,auto,https://media.benjaminmoore.com/WebServices/prod/assets/production/datasheets/TDS_TP33_TP23/TP-3380_TP-2310_TDS_EN.pdf,c61fc4aef0b2c600fdc3b7b790c0050c,2026-10-07
TP-34_TP-24_TDS_EN.pdf,"Alkyd Traffic Paint Flat Finish TP-3424,TP-2410","TP-3424,TP-2410",false,TDS,auto,https://media.benjaminmoore.com/WebServices/prod/assets/production/datasheets/TDS_TP34_TP24/TP-34_TP-24_TDS_EN.pdf,3ff8c3dde52c87df9347ecf99ba88319,2026-10-07
TRC-007_TDS_EN.pdf,Tru-Flex™ Tennis Court System Bond Coat TRC-007,TRC-007,false,TDS,auto,https://media.benjaminmoore.com/WebServices/prod/assets/production/datasheets/TDS_TRC-007/TRC-007_TDS_EN.pdf,1e3f7bf04f6cabee0db2bb972b667870,2026-10-07
TRC-035_TDS_EN.pdf,Tru-Flex™ 100% Acrylic Patch-N-Level Patching Compound TRC-035,TRC-035,false,TDS,auto,https://media.benjaminmoore.com/WebServices/prod/assets/production/datasheets/TDS_TRC-035/TRC-035_TDS_EN.pdf,b79cd34cd08a2fc6d53066690eeaef47,2026-10-07
TRC-038_TDS_EN.pdf,Tru-Flex™ 100% Acrylic Line Marking Paint-Smooth TRC-038,TRC-038,false,TDS,auto,https://media.benjaminmoore.com/WebServices/prod/assets/production/datasheets/TDS_TRC-038/TRC-038_TDS_EN.pdf,713a3bbdd7e859baff87a6db1dd3a213,2026-10-07
TRC-040_TDS_EN.pdf,Tru-Flex™ 100% Acrylic Filler Coat TRC-040,TRC-040,false,TDS,auto,https://media.benjaminmoore.com/WebServices/prod/assets/production/datasheets/TDS_TRC-040/TRC-040_TDS_EN.pdf,7ca72b0c614b7cc17260b3f48af1ca1e,2026-10-07
TRC-060_TDS_EN.pdf,Tru-Flex™ 100% Acrylic Cushion Coat TRC-060,TRC-060,false,TDS,auto,https://media.benjaminmoore.com/WebServices/prod/assets/production/datasheets/TDS_TRC-060/TRC-060_TDS_EN.pdf,065e89ce4dfba9e5fd6cdf3d86a18939,2026-10-07
TRC-08X_TDS_EN.pdf,Tru-Flex™ Smooth Colored Finish Coat TRC-08X,TRC-08X,false,TDS,auto,https://media.benjaminmoore.com/WebServices/prod/assets/production/datasheets/TDS_TRC-08X/TRC-08X_TDS_EN.pdf,2c3205c3d21c0e8a98e893737594c851,2026-10-07
TRC-28X_TDS_EN.pdf,Tru-Flex™ 100% Acrylic Textured Colored Finish Coat TRC-28X,TRC-28X,false,TDS,auto,https://media.benjaminmoore.com/WebServices/prod/assets/production/datasheets/TDS_TRC-28X/TRC-28X_TDS_EN.pdf,8a5248d15df2900b3714c57a0b8dd70f,2026-10-07
Update to Insl-x Epoxy Pool Paint Guides_US_SB.pdf,Painting Guide,,false,NON_TDS,auto,https://media.benjaminmoore.com/WebServices/prod/assets/production/datasheets/Painting_Guide_IG-4000/Update to Insl-x Epoxy Pool Paint Guides_US_SB.pdf,612b4643eee8f6f496a73d18c04ae1a5,2026-10-07
US FAQs Pool Paint.pdf,"Waterborne Swimming Pool Paint, Semi-Gloss",,false,NON_TDS,auto,https://media.benjaminmoore.com/WebServices/prod/assets/production/datasheets/Pool_Paint_Faqs/US FAQs Pool Paint.pdf,35827a1bc856e86846d07e47de759c2d,2026-10-07
US Pool Paint Solvent Test.pdf,"Waterborne Swimming Pool Paint, Semi-Gloss",,false,NON_TDS,auto,https://media.benjaminmoore.com/WebServices/prod/assets/production/datasheets/Pool_Paint_SolventTests/US Pool Paint Solvent Test.pdf,4a5d2234b32f172a0b2f25718e7e1556,2026-10-07
V125_TDS_EN.pdf,Corotech® Water Reducible Epoxy Ester Primer V125,V125,false,TDS,auto,https://media.benjaminmoore.com/WebServices/prod/assets/production/datasheets/TDS_V125/V125_TDS_EN.pdf,b9992d0d2fffcfb065d09bcc68f86927,2026-10-07
V133_TDS_EN.pdf,Corotech® Alkyd Shop Coat Primer V133,V133,false,TDS,auto,https://media.benjaminmoore.com/WebServices/prod/assets/production/datasheets/TDS_V133/V133_TDS_EN.pdf,794520b35c70d021b3be13787fae42c4,2026-10-07
V140_TDS_EN.pdf,Corotech® Alkyd Fabrication Metal Primer V140,V140,false,TDS,auto,https://media.benjaminmoore.com/WebServices/prod/assets/production/datasheets/TDS_V140/V140_TDS_EN.pdf,2ce373587f04be603f8b0c50350bf697,2026-10-07
V150_TDS_US.pdf,Corotech® Polyamide Epoxy Primer V150,V150,false,TDS,auto,https://media.benjaminmoore.com/WebServices/prod/assets/production/datasheets/TDS_V150/V150_TDS_US.pdf,ee31d9c0c7daa97a065f2a7b85b66b0a,2026-10-07
V157_TDS_EN.pdf,Corotech® Coal Tar Epoxy Black V157,V157,false,TDS,auto,https://media.benjaminmoore.com/WebServices/prod/assets/production/datasheets/TDS_V157/V157_TDS_EN.pdf,39b2e25ecbfddfc9f15950841cf91312,2026-10-07
V163_TDS_EN.pdf,Corotech® Waterborne Epoxyblock Filler V163,V163,false,TDS,auto,https://media.benjaminmoore.com/WebServices/prod/assets/production/datasheets/TDS_V163/V163_TDS_EN.pdf,2d8e44e66f88eb0c2e7b96c09dcf836f,2026-10-07
V180_TDS_EN.pdf,Corotech® Rust Arrestor V180,V180,false,TDS,auto,https://media.benjaminmoore.com/WebServices/prod/assets/production/datasheets/TDS_V180/V180_TDS_EN.pdf,64720bb4ba923ee195b57f1fc51e56ba,2026-10-07
V201_TDS_EN.pdf,Corotech® Alkyd Urethane Enamel Semi-Gloss V201,V201,false,TDS,auto,https://media.benjaminmoore.com/WebServices/prod/assets/production/datasheets/TDS_V201/V201_TDS_EN.pdf,229af5783a4208e1aa495c7f243af98b,2026-10-07
V225_TDS_US.pdf,Corotech® High Solid Rapid Dry Gloss Coating V225,V225,false,TDS,auto,https://media.benjaminmoore.com/WebServices/prod/assets/production/datasheets/TDS_V225/V225_TDS_US.pdf,59e3b086ab27eb3e1a89cec99fa6383c,2026-10-07
V230_TDS_EN.pdf,Corotech® Quick Dry Alkyd Enamel Gloss V230,V230,false,TDS,auto,https://media.benjaminmoore.com/WebServices/prod/assets/production/datasheets/TDS_V230/V230_TDS_EN.pdf,c3184cde570b38543d6beb294462db54,2026-10-07
V260_TDS_US.pdf,Corotech® Electrostatic Alkyd Enamel V260,V260,false,TDS,auto,https://media.benjaminmoore.com/WebServices/prod/assets/production/datasheets/TDS_V260/V260_TDS_US.pdf,8cdd0735c232198a7ab2ee4bd21599cc,2026-10-07
V264_TDS_EN.pdf,Corotech® Silicone Alkyd Hi Heat Coating V264,V264,false,TDS,auto,https://media.benjaminmoore.com/WebServices/prod/assets/production/datasheets/TDS_V264/V264_TDS_EN.pdf,5ebc065071dcc7323a155625d8598366,2026-10-07
V330_TDS_EN.pdf,Corotech® Acrylic DTM Enamel Gloss V330,V330,false,TDS,auto,https://media.benjaminmoore.com/WebServices/prod/assets/production/datasheets/TDS_V330/V330_TDS_EN.pdf,edac4acd97005babbdb1d92394a3695c,2026-10-07
V331_TDS_EN.pdf,Corotech® Acrylic DTM Enamel Semi-Gloss V331,V331,false,TDS,auto,https://media.benjaminmoore.com/WebServices/prod/assets/production/datasheets/TDS_V331/V331_TDS_EN.pdf,35a38491773c26f1d064ccaab192e478,2026-10-07
V390_TDS_US.pdf,Corotech® COMMANDTM Waterborne Acrylic Urethane Gloss V390,V390,true,TDS,auto,https://media.benjaminmoore.com/WebServices/prod/assets/production/datasheets/Discontinued/TDS_V390/V390_TDS_US.pdf,5f2fce17e61af5908613e39b835ebafd,2026-10-07
V392_TDS_EN.pdf,Corotech® COMMANDTM Waterborne Acrylic Urethane Satin V392,V392,true,TDS,auto,https://media.benjaminmoore.com/WebServices/prod/assets/production/datasheets/Discontinued/TDS_V392/V392_TDS_EN.pdf,b1f8e2a92d5893e6fea81f2422311097,2026-10-07
V440_TDS_EN.pdf,Corotech® Waterborne Amine Epoxy V440,V440,false,TDS,auto,https://media.benjaminmoore.com/WebServices/prod/assets/production/datasheets/TDS_V440/V440_TDS_EN.pdf,f99fdb710bb92933a14cbf25d4a93dbb,2026-10-07
V540_TDS_US.pdf,Corotech® Waterborne Urethane Gloss V540,V540,false,TDS,auto,https://media.benjaminmoore.com/WebServices/prod/assets/production/datasheets/TDS_V540/V540_TDS_US.pdf,8d9fc46cbda7271af4bff94534206708,2026-10-07
V705_TDS_EN.pdf,Corotech® Gloss And Hardness Catalyst V705,V705,false,TDS,auto,https://media.benjaminmoore.com/WebServices/prod/assets/production/datasheets/TDS_V705/V705_TDS_EN.pdf,c9175e1c7477b661763bcd90b6f88f59,2026-10-07
VB-5000_TDS_US.pdf,INSLX® Vapor Barrier Primer/Sealer VB-5000,VB-5000,false,TDS,auto,https://media.benjaminmoore.com/WebServices/prod/assets/production/datasheets/TDS_VB-5000/VB-5000_TDS_US.pdf,963fb6bfabc9cbd21f52d4c9b647c258,2026-10-07
W096_TDS_US.pdf,Regal® Select Exterior Paint - MoorGlo® Soft Gloss Finish W096,W096,false,TDS,auto,https://media.benjaminmoore.com/WebServices/prod/assets/production/datasheets/TDS_0096/W096_TDS_US.pdf,d85e7850fe62aedae538166c92010d08,2026-10-07
W103_TDS_US.pdf,Regal® Select Exterior Paint - Moorgard® Low Lustre Finish W103,W103,false,TDS,auto,https://media.benjaminmoore.com/WebServices/prod/assets/production/datasheets/TDS_0103/W103_TDS_US.pdf,66bfcb6e215d2080c66a7c222fac40f6,2026-10-07
W105_TDS_US.pdf,Regal® Select Exterior Paint – MoorLife® Flat Finish W105,W105,false,TDS,auto,https://media.benjaminmoore.com/WebServices/prod/assets/production/datasheets/TDS_0105/W105_TDS_US.pdf,5557f7c8e3552092ea831d675260a72e,2026-10-07
W122_TDS_US.pdf,Floor & Patio Latex Enamel Low Sheen W122,W122,false,TDS,auto,https://media.benjaminmoore.com/WebServices/prod/assets/production/datasheets/TDS_0122/W122_TDS_US.pdf,afdb1c316c4f4e9d2f6ff235361efc7a,2026-10-07
W3192_TDS_US.pdf,Texcrete® WB Texture Waterproofer Sand Texture W3192,W3192,false,TDS,auto,https://media.benjaminmoore.com/WebServices/prod/assets/production/datasheets/TDS_3192/W3192_TDS_US.pdf,8e68540cd60bb6ce4e27587620fede9c,2026-10-07
W3194_TDS_US.pdf,Texcrete® WB Texture Waterproofer Smooth Texture W3194,W3194,false,TDS,auto,https://media.benjaminmoore.com/WebServices/prod/assets/production/datasheets/TDS_3194/W3194_TDS_US.pdf,c55078aab648dda2016e3a2712dfc76e,2026-10-07
W3196_TDS_US.pdf,Texcrete® WB Texture Waterproofer Medium Texture W3196,W3196,false,TDS,auto,https://media.benjaminmoore.com/WebServices/prod/assets/production/datasheets/TDS_3196/W3196_TDS_US.pdf,6346825e1efc246aad967d163e2f4598,2026-10-07
W322_TDS_US.pdf,Kitchen & Bath 100% Acrylic Satin Finish W322,W322,false,TDS,auto,https://media.benjaminmoore.com/WebServices/prod/assets/production/datasheets/TDS_0322/W322_TDS_US.pdf,80cc9699905f1d0c44d870a627fb8a9d,2026-10-07
W372_TDS_US.pdf,Eco Spec® Interior Latex Primer W372,W372,false,TDS,auto,https://media.benjaminmoore.com/WebServices/prod/assets/production/datasheets/TDS_0372/W372_TDS_US.pdf,729360291f762695203462aa9cde9007,2026-10-07
W373_TDS_US.pdf,Eco Spec® Interior Latex Flat W373,W373,false,TDS,auto,https://media.benjaminmoore.com/WebServices/prod/assets/production/datasheets/TDS_0373/W373_TDS_US.pdf,e64b1dd63faa8c8492eab60fc786b48a,2026-10-07
W374_TDS_US.pdf,Eco Spec® Interior Latex Eggshell W374,W374,false,TDS,auto,https://media.benjaminmoore.com/WebServices/prod/assets/production/datasheets/TDS_0374/W374_TDS_US.pdf,0796e12b59559bd7b70df452ddc2d4bc,2026-10-07
W376_TDS_US.pdf,Eco Spec® Interior Latex Semi-Gloss W376,W376,false,TDS,auto,https://media.benjaminmoore.com/WebServices/prod/assets/production/datasheets/TDS_0376/W376_TDS_US.pdf,849e5cad23f7726695bd0685c4dbcc5f,2026-10-07
W422_TDS_US.pdf,Stays Clear® Acrylic Polyurethane - High-Gloss W422,W422,false,TDS,auto,https://media.benjaminmoore.com/WebServices/prod/assets/production/datasheets/TDS_0422/W422_TDS_US.pdf,643f965f3c98a2329d835c4b52fe245a,2026-10-07
W423_TDS_US.pdf,Stays Clear® Acrylic Polyurethane - Low-Lustre W423,W423,false,TDS,auto,https://media.benjaminmoore.com/WebServices/prod/assets/production/datasheets/TDS_0423/W423_TDS_US.pdf,edc8cb040ec3d1aeb0f684451aa3cbf2,2026-10-07
W425_TDS_US.pdf,Stays Clear® Acrylic Polyurethane - Flat W425,W425,false,TDS,auto,https://media.benjaminmoore.com/WebServices/prod/assets/production/datasheets/TDS_0425/W425_TDS_US.pdf,f653e8a6ccf0b20e03e417cdbf4b9292,2026-10-07
W447_TDS_US.pdf,Ultra Spec® EXT Exterior Acrylic Flat W447,W447,false,TDS,auto,https://media.benjaminmoore.com/WebServices/prod/assets/production/datasheets/TDS_0447/W447_TDS_US.pdf,601e7ca9a398f7d2aae637abd1111121,2026-10-07
W448_TDS_US.pdf,Ultra Spec® EXT Exterior Acrylic Satin W448,W448,false,TDS,auto,https://media.benjaminmoore.com/WebServices/prod/assets/production/datasheets/TDS_0448/W448_TDS_US.pdf,4382a9c89faab9912ef4e4664b9071a1,2026-10-07
W449_TDS_US.pdf,Ultra Spec® EXT Exterior Acrylic Soft Gloss W449,W449,false,TDS,auto,https://media.benjaminmoore.com/WebServices/prod/assets/production/datasheets/TDS_0449/W449_TDS_US.pdf,43ab0e62d20f1acebbe1957deb0bcc65,2026-10-07
W455_TDS_US.pdf,Ultra Spec® EXT Exterior Acrylic Low Lustre W455,W455,false,TDS,auto,https://media.benjaminmoore.com/WebServices/prod/assets/production/datasheets/TDS_0455/W455_TDS_US.pdf,da541f3ef725bef569ed841af0c86e80,2026-10-07
W623_TDS_US.pdf,Arborcoat® Waterborne Exterior Stain Traslucent W623,W623,true,TDS,auto,https://media.benjaminmoore.com/WebServices/prod/assets/production/datasheets/Discontinued/TDS_0623/W623_TDS_US.pdf,b83da44e193ae82bfbb2bb47aa8c73ad,2026-10-07
W792_TDS_US.pdf,Advance® Waterborne Interior Alkyd Satin W792,W792,false,TDS,auto,https://media.benjaminmoore.com/WebServices/prod/assets/production/datasheets/TDS_W792/W792_TDS_US.pdf,3afe36bc5604dfd3623c0c2b4a3e421a,2026-10-07
W793_TDS_US.pdf,Advance® Waterborne Interior Alkyd Semi Gloss W793,W793,false,TDS,auto,https://media.benjaminmoore.com/WebServices/prod/assets/production/datasheets/TDS_W793/W793_TDS_US.pdf,356e126ded67b2b0a1ea133163b6e5d8,2026-10-07
W794_TDS_US.pdf,Advance® Waterborne Interior Alkyd High Gloss W794,W794,false,TDS,auto,https://media.benjaminmoore.com/WebServices/prod/assets/production/datasheets/TDS_W794/W794_TDS_US.pdf,30b4f71f14938c51d87e54941238a2ea,2026-10-07
WH25_TDS_US.pdf,Ultra Spec HP® D.T.M. Acrylic Low Lustre Enamel WH25,WH25,false,TDS,auto,https://media.benjaminmoore.com/WebServices/prod/assets/production/datasheets/TDS_WH25/WH25_TDS_US.pdf,edd6772da770900b8d3449ba810535cf,2026-10-07
WH28_TDS_US.pdf,Ultra Spec HP® D.T.M. Acrylic Gloss Enamel WH28,WH28,false,TDS,auto,https://media.benjaminmoore.com/WebServices/prod/assets/production/datasheets/TDS_WH28/WH28_TDS_US.pdf,d4e15023f619549d6c36b7c23c745e26,2026-10-07
WH29_TDS_US.pdf,Ultra Spec HP® D.T.M. Acrylic Semi-Gloss Enamel WH29,WH29,false,TDS,auto,https://media.benjaminmoore.com/WebServices/prod/assets/production/datasheets/TDS_WH29/WH29_TDS_US.pdf,1c3a55ad3bb5e76fc31be612f67dc2c9,2026-10-07
WPS-1000_TDS_EN.pdf,Multi-Surface Waterproofer WPS-1000,WPS-1000,false,TDS,auto,https://media.benjaminmoore.com/WebServices/prod/assets/production/datasheets/TDS_WPS-1000/WPS-1000_TDS_EN.pdf,0db39986ace02c11b287f582d54a22bf,2026-10-07
WR-10XX_TDS_US.pdf,Waterborne Pool Paint Semi-Gloss Finish WR-10XX,WR-10XX,false,TDS,auto,https://media.benjaminmoore.com/WebServices/prod/assets/production/datasheets/TDS_WR-1XXX/WR-10XX_TDS_US.pdf,6c52f47a2c06ad67541f743860ce96a4,2026-10-07
WR-1XXX_TDS_EN.pdf,Waterborne Pool Paint Semi-Gloss Finish WR-1XXX,WR-1XXX,false,TDS,auto,https://media.benjaminmoore.com/WebServices/prod/assets/production/datasheets/TDS_WR-1XXX/WR-1XXX_TDS_EN.pdf,6c52f47a2c06ad67541f743860ce96a4,2026-10-07
Z235_TDS_US.pdf,"Satin Impervo® Alkyd Low Lustre Enamel (regional special, see TDS) Z235",Z235,false,TDS,auto,https://media.benjaminmoore.com/WebServices/prod/assets/production/datasheets/TDS_0235/Z235_TDS_US.pdf,7403fb9b6fd5934bc0f7a9476d9876c3,2026-10-07
